,period,periodTime,periodTimeRemaining,event,eventType,eventResult,eventTeam,eventId,x0,y0,x1,y1,pass0x0,pass0y0,pass0x1,pass0y1,pass0result,pass0team,pass1x0,pass1y0,pass1x1,pass1y1,pass1result,pass1team,pass2x0,pass2y0,pass2x1,pass2y1,pass2result,pass2team,pass3x0,pass3y0,pass3x1,pass3y1,pass3result,pass3team,pass4x0,pass4y0,pass4x1,pass4y1,pass4result,pass4team,tags,linkedEvents,awayPlayer0Id,awayPlayer1Id,awayPlayer2Id,awayPlayer3Id,awayPlayer4Id,awayPlayer5Id,homePlayer0Id,homePlayer1Id,homePlayer2Id,homePlayer3Id,homePlayer4Id,homePlayer5Id,pass0player0Id,pass0player1Id,pass1player0Id,pass1player1Id,pass2player0Id,pass2player1Id,pass3player0Id,pass3player1Id,pass4player0Id,pass4player1Id,player0Id,player1Id
1,2,0:20:00,19:40:00,Missed Shot,NA,NA,TOR,2017020794_112_shawn.ferris@wne.edu,-46,14,NA,NA,-27,32,-27,39,Completed,TOR,NA,NA,NA,NA,NA,NA,NA,NA,NA,NA,NA,NA,NA,NA,NA,NA,NA,NA,NA,NA,NA,NA,NA,NA,NA,2017020794_378836391_shawn.ferris@wne.edu:2017020794_290866883_shawn.ferris@wne.edu,Patrick Marleau,Mitchell Marner,Nikita Zaitsev,Frederik Andersen,Nazem Kadri,Jake Gardiner,Riley Nash,Tuukka Rask,David Backes,Matt Grzelcyk,Adam McQuaid,Tim Schaller,Patrick Marleau,Mitchell Marner,NA,NA,NA,NA,NA,NA,NA,NA,Mitchell Marner,NA
2,2,2:08:00,17:52:00,Missed Shot,NA,NA,TOR,2017020794_120_shawn.ferris@wne.edu,-36,7,NA,NA,NA,NA,NA,NA,NA,NA,NA,NA,NA,NA,NA,NA,NA,NA,NA,NA,NA,NA,NA,NA,NA,NA,NA,NA,NA,NA,NA,NA,NA,NA,NA,NA,Connor Carrick,Patrick Marleau,Mitchell Marner,Travis Dermott,Frederik Andersen,Nazem Kadri,Brandon Carlo,Tuukka Rask,David Krejci,Torey Krug,Ryan Spooner,Jake DeBrusk,NA,NA,NA,NA,NA,NA,NA,NA,NA,NA,Connor Carrick,NA
3,2,2:26:00,17:34:00,Shot,Tip-In,NA,BOS,2017020794_125_shawn.ferris@wne.edu,67,-1,NA,NA,28,-7,67,-1,Completed,BOS,68,-22,31,-37,Completed,BOS,NA,NA,NA,NA,NA,NA,NA,NA,NA,NA,NA,NA,NA,NA,NA,NA,NA,NA,tip:faceoff,NA,Ron Hainsey,Dominic Moore,Kasperi Kapanen,Frederik Andersen,Morgan Rielly,Leo Komarov,Brandon Carlo,Tuukka Rask,David Krejci,Torey Krug,Ryan Spooner,Jake DeBrusk,Torey Krug,David Krejci,Patrice Bergeron,Torey Krug,NA,NA,NA,NA,NA,NA,David Krejci,Frederik Andersen
4,2,2:48:00,17:12:00,Shot,Wrist Shot,NA,BOS,2017020794_127_shawn.ferris@wne.edu,77,-10,NA,NA,96,5,96,-16,Completed,BOS,NA,NA,NA,NA,NA,NA,NA,NA,NA,NA,NA,NA,NA,NA,NA,NA,NA,NA,NA,NA,NA,NA,NA,NA,NA,NA,Ron Hainsey,Dominic Moore,Kasperi Kapanen,Frederik Andersen,Morgan Rielly,Leo Komarov,Brandon Carlo,Tuukka Rask,David Krejci,Torey Krug,Ryan Spooner,Jake DeBrusk,Jake DeBrusk,Torey Krug,NA,NA,NA,NA,NA,NA,NA,NA,Torey Krug,Frederik Andersen
5,2,6:37:00,13:23:00,Shot,Snap Shot,NA,BOS,2017020794_146_shawn.ferris@wne.edu,42,-30,NA,NA,NA,NA,NA,NA,NA,NA,NA,NA,NA,NA,NA,NA,NA,NA,NA,NA,NA,NA,NA,NA,NA,NA,NA,NA,NA,NA,NA,NA,NA,NA,NA,2017020794_517950775_shawn.ferris@wne.edu,Zach Hyman,Travis Dermott,Connor Brown,Frederik Andersen,Morgan Rielly,Jake Gardiner,Tuukka Rask,David Backes,Torey Krug,Ryan Spooner,Tim Schaller,Charlie McAvoy,NA,NA,NA,NA,NA,NA,NA,NA,NA,NA,David Backes,Frederik Andersen
6,2,7:53:00,12:07:00,Missed Shot,NA,NA,BOS,2017020794_150_shawn.ferris@wne.edu,40,4,NA,NA,60,39,28,8,Completed,BOS,76,24,77,38,Completed,BOS,NA,NA,NA,NA,NA,NA,NA,NA,NA,NA,NA,NA,NA,NA,NA,NA,NA,NA,NA,2017020794_952092498_shawn.ferris@wne.edu:2017020794_8389309_shawn.ferris@wne.edu,Ron Hainsey,Connor Carrick,Kasperi Kapanen,Connor Brown,Frederik Andersen,Nazem Kadri,Zdeno Chara,Tuukka Rask,David Backes,David Krejci,Tim Schaller,Charlie McAvoy,David Krejci,Zdeno Chara,David Backes,David Krejci,NA,NA,NA,NA,NA,NA,Zdeno Chara,NA
7,2,8:49:00,11:11:00,Shot,Wrist Shot,NA,TOR,2017020794_157_shawn.ferris@wne.edu,-67,-18,NA,NA,NA,NA,NA,NA,NA,NA,NA,NA,NA,NA,NA,NA,NA,NA,NA,NA,NA,NA,NA,NA,NA,NA,NA,NA,NA,NA,NA,NA,NA,NA,NA,NA,Patrick Marleau,Mitchell Marner,Nikita Zaitsev,Frederik Andersen,Nazem Kadri,Jake Gardiner,Brandon Carlo,Tuukka Rask,David Krejci,Torey Krug,Ryan Spooner,Jake DeBrusk,NA,NA,NA,NA,NA,NA,NA,NA,NA,NA,Nazem Kadri,Tuukka Rask
8,2,9:39:00,10:21:00,Shot,Backhand,NA,TOR,2017020794_163_shawn.ferris@wne.edu,-73,-7,NA,NA,NA,NA,NA,NA,NA,NA,NA,NA,NA,NA,NA,NA,NA,NA,NA,NA,NA,NA,NA,NA,NA,NA,NA,NA,NA,NA,NA,NA,NA,NA,NA,2017020794_665883229_shawn.ferris@wne.edu,Ron Hainsey,Zach Hyman,William Nylander,Frederik Andersen,Auston Matthews,Morgan Rielly,Riley Nash,Zdeno Chara,Tuukka Rask,David Backes,Tim Schaller,Charlie McAvoy,NA,NA,NA,NA,NA,NA,NA,NA,NA,NA,Auston Matthews,Tuukka Rask
9,2,10:20:00,9:40:00,Missed Shot,NA,NA,TOR,2017020794_165_shawn.ferris@wne.edu,-58,27,NA,NA,NA,NA,NA,NA,NA,NA,NA,NA,NA,NA,NA,NA,NA,NA,NA,NA,NA,NA,NA,NA,NA,NA,NA,NA,NA,NA,NA,NA,NA,NA,NA,2017020794_577697963_shawn.ferris@wne.edu,Connor Carrick,Travis Dermott,James van Riemsdyk,Connor Brown,Frederik Andersen,Tyler Bozak,Riley Nash,Zdeno Chara,Tuukka Rask,Danton Heinen,Adam McQuaid,David Pastrnak,NA,NA,NA,NA,NA,NA,NA,NA,NA,NA,Connor Brown,NA
10,2,10:44:00,9:16:00,Missed Shot,NA,NA,BOS,2017020794_166_shawn.ferris@wne.edu,62,1,NA,NA,27,24,72,6,Completed,BOS,79,39,28,35,Completed,BOS,NA,NA,NA,NA,NA,NA,NA,NA,NA,NA,NA,NA,NA,NA,NA,NA,NA,NA,tip,2017020794_267886989_shawn.ferris@wne.edu,Connor Carrick,Travis Dermott,James van Riemsdyk,Connor Brown,Frederik Andersen,Tyler Bozak,Patrice Bergeron,Tuukka Rask,Danton Heinen,Matt Grzelcyk,Adam McQuaid,David Pastrnak,Matt Grzelcyk,Patrice Bergeron,Danton Heinen,Matt Grzelcyk,NA,NA,NA,NA,NA,NA,Patrice Bergeron,NA
11,2,13:26:00,6:34:00,Shot,Wrist Shot,NA,TOR,2017020794_178_shawn.ferris@wne.edu,-35,-26,NA,NA,-61,-38,-31,-37,Completed,TOR,NA,NA,NA,NA,NA,NA,NA,NA,NA,NA,NA,NA,NA,NA,NA,NA,NA,NA,NA,NA,NA,NA,NA,NA,NA,NA,Connor Carrick,Travis Dermott,James van Riemsdyk,Connor Brown,Frederik Andersen,Tyler Bozak,Tuukka Rask,David Krejci,Matt Grzelcyk,Ryan Spooner,Adam McQuaid,Jake DeBrusk,Tyler Bozak,Travis Dermott,NA,NA,NA,NA,NA,NA,NA,NA,Travis Dermott,Tuukka Rask
12,2,13:56:00,6:04:00,Shot,Wrist Shot,NA,BOS,2017020794_181_shawn.ferris@wne.edu,47,-30,NA,NA,32,12,39,-40,Completed,BOS,-28,41,-11,39,Completed,BOS,-67,41,-31,41,Completed,BOS,NA,NA,NA,NA,NA,NA,NA,NA,NA,NA,NA,NA,NA,2017020794_665743704_shawn.ferris@wne.edu:2017020794_797525340_shawn.ferris@wne.edu,Connor Carrick,Nikita Zaitsev,James van Riemsdyk,Connor Brown,Frederik Andersen,Tyler Bozak,Brandon Carlo,Tuukka Rask,David Krejci,Matt Grzelcyk,Ryan Spooner,Jake DeBrusk,David Krejci,Ryan Spooner,Jake DeBrusk,David Krejci,Matt Grzelcyk,Jake DeBrusk,NA,NA,NA,NA,Ryan Spooner,Frederik Andersen
13,2,14:38:00,5:22:00,Missed Shot,NA,NA,BOS,2017020794_189_shawn.ferris@wne.edu,50,24,NA,NA,NA,NA,NA,NA,NA,NA,NA,NA,NA,NA,NA,NA,NA,NA,NA,NA,NA,NA,NA,NA,NA,NA,NA,NA,NA,NA,NA,NA,NA,NA,NA,2017020794_205688567_shawn.ferris@wne.edu,Dominic Moore,Nikita Zaitsev,Kasperi Kapanen,Frederik Andersen,Leo Komarov,Jake Gardiner,Austin Czarnik,Tuukka Rask,Matt Grzelcyk,Sean Kuraly,Adam McQuaid,Frank Vatrano,NA,NA,NA,NA,NA,NA,NA,NA,NA,NA,Matt Grzelcyk,NA
14,2,17:49:00,2:11:00,Shot,Wrist Shot,NA,BOS,2017020794_204_shawn.ferris@wne.edu,63,8,NA,NA,NA,NA,NA,NA,NA,NA,NA,NA,NA,NA,NA,NA,NA,NA,NA,NA,NA,NA,NA,NA,NA,NA,NA,NA,NA,NA,NA,NA,NA,NA,NA,2017020794_75033928_shawn.ferris@wne.edu,Ron Hainsey,Connor Carrick,Mitchell Marner,James van Riemsdyk,Frederik Andersen,Tyler Bozak,Riley Nash,Austin Czarnik,Tuukka Rask,Matt Grzelcyk,Frank Vatrano,Charlie McAvoy,NA,NA,NA,NA,NA,NA,NA,NA,NA,NA,Frank Vatrano,Frederik Andersen
15,2,17:53:00,2:07:00,Missed Shot,NA,NA,BOS,2017020794_207_shawn.ferris@wne.edu,38,33,NA,NA,69,22,38,33,Completed,BOS,NA,NA,NA,NA,NA,NA,NA,NA,NA,NA,NA,NA,NA,NA,NA,NA,NA,NA,NA,NA,NA,NA,NA,NA,faceoff,NA,Travis Dermott,James van Riemsdyk,Connor Brown,Frederik Andersen,Tyler Bozak,Morgan Rielly,Brandon Carlo,Austin Czarnik,Tuukka Rask,Torey Krug,Sean Kuraly,Frank Vatrano,Sean Kuraly,Torey Krug,NA,NA,NA,NA,NA,NA,NA,NA,Torey Krug,NA
16,2,18:25:00,1:35:00,Missed Shot,NA,NA,TOR,2017020794_209,43,-31,NA,NA,NA,NA,NA,NA,NA,NA,NA,NA,NA,NA,NA,NA,NA,NA,NA,NA,NA,NA,NA,NA,NA,NA,NA,NA,NA,NA,NA,NA,NA,NA,NA,NA,Travis Dermott,James van Riemsdyk,Connor Brown,Frederik Andersen,Tyler Bozak,Morgan Rielly,Brandon Carlo,Tuukka Rask,Danton Heinen,Torey Krug,Sean Kuraly,David Pastrnak,NA,NA,NA,NA,NA,NA,NA,NA,NA,NA,Morgan Rielly,NA
17,2,18:49:00,1:11:00,Missed Shot,NA,NA,TOR,2017020794_213_shawn.ferris@wne.edu,-65,-29,NA,NA,84,-40,54,-40,Completed,TOR,NA,NA,NA,NA,NA,NA,NA,NA,NA,NA,NA,NA,NA,NA,NA,NA,NA,NA,NA,NA,NA,NA,NA,NA,rush,2017020794_151196503_shawn.ferris@wne.edu:2017020794_241098252_shawn.ferris@wne.edu,Nikita Zaitsev,James van Riemsdyk,William Nylander,Frederik Andersen,Auston Matthews,Jake Gardiner,Zdeno Chara,Tuukka Rask,David Krejci,Ryan Spooner,Charlie McAvoy,Jake DeBrusk,Morgan Rielly,James van Riemsdyk,NA,NA,NA,NA,NA,NA,NA,NA,James van Riemsdyk,NA
18,2,19:15:00,0:45:00,Shot,Snap Shot,NA,BOS,2017020794_217_shawn.ferris@wne.edu,42,12,NA,NA,-45,-24,-21,5,Completed,BOS,NA,NA,NA,NA,NA,NA,NA,NA,NA,NA,NA,NA,NA,NA,NA,NA,NA,NA,NA,NA,NA,NA,NA,NA,NA,2017020794_975127970_shawn.ferris@wne.edu:2017020794_734199158_shawn.ferris@wne.edu,Zach Hyman,Nikita Zaitsev,William Nylander,Frederik Andersen,Auston Matthews,Jake Gardiner,Zdeno Chara,Tuukka Rask,David Krejci,Ryan Spooner,Charlie McAvoy,Jake DeBrusk,Charlie McAvoy,Jake DeBrusk,NA,NA,NA,NA,NA,NA,NA,NA,Jake DeBrusk,Frederik Andersen
19,2,2:04:00,17:56:00,Shot,Backhand,NA,TOR,2017020243_121_shawn.ferris@wne.edu,-66,-18,NA,NA,-23,-4,1,-7,Completed,TOR,29,10,-20,-8,Completed,TOR,NA,NA,NA,NA,NA,NA,NA,NA,NA,NA,NA,NA,NA,NA,NA,NA,NA,NA,NA,2017020243_139563223_shawn.ferris@wne.edu,Anders Bjork,Jordan Szwarz,Zdeno Chara,Anton Khudobin,Danton Heinen,Charlie McAvoy,Mitchell Marner,Nikita Zaitsev,James van Riemsdyk,Frederik Andersen,Tyler Bozak,Jake Gardiner,James van Riemsdyk,Tyler Bozak,Jake Gardiner,James van Riemsdyk,NA,NA,NA,NA,NA,NA,Tyler Bozak,Anton Khudobin
20,2,2:12:00,17:48:00,Missed Shot,NA,NA,TOR,2017020243_124_shawn.ferris@wne.edu,-37,-39,NA,NA,-65,-30,-26,-34,Completed,TOR,NA,NA,NA,NA,NA,NA,NA,NA,NA,NA,NA,NA,NA,NA,NA,NA,NA,NA,NA,NA,NA,NA,NA,NA,NA,NA,Anders Bjork,Paul Postma,Jordan Szwarz,Anton Khudobin,Danton Heinen,Kevan Miller,Ron Hainsey,Zach Hyman,Patrick Marleau,Connor Brown,Frederik Andersen,Morgan Rielly,Patrick Marleau,Morgan Rielly,NA,NA,NA,NA,NA,NA,NA,NA,Morgan Rielly,NA
21,2,2:23:00,17:37:00,Missed Shot,NA,NA,TOR,2017020243_125_shawn.ferris@wne.edu,-78,-3,NA,NA,NA,NA,NA,NA,NA,NA,NA,NA,NA,NA,NA,NA,NA,NA,NA,NA,NA,NA,NA,NA,NA,NA,NA,NA,NA,NA,NA,NA,NA,NA,NA,NA,Anders Bjork,Paul Postma,Jordan Szwarz,Anton Khudobin,Danton Heinen,Kevan Miller,Ron Hainsey,Zach Hyman,Patrick Marleau,Connor Brown,Frederik Andersen,Morgan Rielly,NA,NA,NA,NA,NA,NA,NA,NA,NA,NA,Zach Hyman,NA
22,2,3:15:00,16:45:00,Shot,Slap Shot,NA,BOS,2017020243_129_shawn.ferris@wne.edu,51,-11,NA,NA,NA,NA,NA,NA,NA,NA,NA,NA,NA,NA,NA,NA,NA,NA,NA,NA,NA,NA,NA,NA,NA,NA,NA,NA,NA,NA,NA,NA,NA,NA,NA,2017020243_701173690_shawn.ferris@wne.edu,Zdeno Chara,Anton Khudobin,Matt Beleskey,Sean Kuraly,Charlie McAvoy,Jake DeBrusk,Connor Carrick,Matt Martin,Dominic Moore,Frederik Andersen,Josh Leivo,Andreas Borgman,NA,NA,NA,NA,NA,NA,NA,NA,NA,NA,Charlie McAvoy,Frederik Andersen
23,2,3:59:00,16:01:00,Missed Shot,NA,NA,TOR,2017020243_134_shawn.ferris@wne.edu,-63,-4,NA,NA,-77,31,-75,1,Completed,TOR,NA,NA,NA,NA,NA,NA,NA,NA,NA,NA,NA,NA,NA,NA,NA,NA,NA,NA,NA,NA,NA,NA,NA,NA,NA,2017020243_990371463_shawn.ferris@wne.edu,Brandon Carlo,Anton Khudobin,Patrice Bergeron,Torey Krug,Brad Marchand,David Pastrnak,Ron Hainsey,William Nylander,Frederik Andersen,Nazem Kadri,Morgan Rielly,Leo Komarov,Nazem Kadri,Leo Komarov,NA,NA,NA,NA,NA,NA,NA,NA,Leo Komarov,NA
24,2,6:03:00,13:57:00,Missed Shot,NA,NA,TOR,2017020243_144_shawn.ferris@wne.edu,-32,-16,NA,NA,NA,NA,NA,NA,NA,NA,NA,NA,NA,NA,NA,NA,NA,NA,NA,NA,NA,NA,NA,NA,NA,NA,NA,NA,NA,NA,NA,NA,NA,NA,NA,2017020243_985236749_shawn.ferris@wne.edu,Brandon Carlo,Anton Khudobin,Danton Heinen,Torey Krug,Noel Acciari,Charlie McAvoy,Patrick Marleau,Connor Brown,William Nylander,Frederik Andersen,Josh Leivo,Jake Gardiner,NA,NA,NA,NA,NA,NA,NA,NA,NA,NA,Jake Gardiner,NA
25,2,6:41:00,13:19:00,Missed Shot,NA,NA,BOS,2017020243_147_shawn.ferris@wne.edu,34,-35,NA,NA,28,1,35,-35,Completed,BOS,53,39,28,21,Completed,BOS,NA,NA,NA,NA,NA,NA,NA,NA,NA,NA,NA,NA,NA,NA,NA,NA,NA,NA,NA,2017020243_977949062_shawn.ferris@wne.edu,Paul Postma,Anton Khudobin,Matt Beleskey,Sean Kuraly,Jake DeBrusk,Kevan Miller,Connor Carrick,Zach Hyman,Dominic Moore,Frederik Andersen,Leo Komarov,Andreas Borgman,Paul Postma,Kevan Miller,Matt Beleskey,Paul Postma,NA,NA,NA,NA,NA,NA,Kevan Miller,NA
26,2,6:43:00,13:17:00,Shot,Snap Shot,NA,BOS,2017020243_148_shawn.ferris@wne.edu,84,9,NA,NA,NA,NA,NA,NA,NA,NA,NA,NA,NA,NA,NA,NA,NA,NA,NA,NA,NA,NA,NA,NA,NA,NA,NA,NA,NA,NA,NA,NA,NA,NA,NA,2017020243_977949062_shawn.ferris@wne.edu,Paul Postma,Anton Khudobin,Matt Beleskey,Sean Kuraly,Jake DeBrusk,Kevan Miller,Connor Carrick,Zach Hyman,Dominic Moore,Frederik Andersen,Leo Komarov,Andreas Borgman,NA,NA,NA,NA,NA,NA,NA,NA,NA,NA,Matt Beleskey,Frederik Andersen
27,2,7:06:00,12:54:00,Shot,Snap Shot,NA,BOS,2017020243_153_shawn.ferris@wne.edu,66,12,NA,NA,21,-20,35,38,Completed,BOS,NA,NA,NA,NA,NA,NA,NA,NA,NA,NA,NA,NA,NA,NA,NA,NA,NA,NA,NA,NA,NA,NA,NA,NA,rush,2017020243_916237335_shawn.ferris@wne.edu,Brandon Carlo,Anton Khudobin,Patrice Bergeron,Torey Krug,Brad Marchand,David Pastrnak,Ron Hainsey,William Nylander,Frederik Andersen,Nazem Kadri,Morgan Rielly,Leo Komarov,Patrice Bergeron,David Pastrnak,NA,NA,NA,NA,NA,NA,NA,NA,David Pastrnak,Frederik Andersen
28,2,7:08:00,12:52:00,Shot,Wrist Shot,NA,BOS,2017020243_154_shawn.ferris@wne.edu,82,6,NA,NA,NA,NA,NA,NA,NA,NA,NA,NA,NA,NA,NA,NA,NA,NA,NA,NA,NA,NA,NA,NA,NA,NA,NA,NA,NA,NA,NA,NA,NA,NA,rebound,2017020243_916237335_shawn.ferris@wne.edu,Brandon Carlo,Anton Khudobin,Patrice Bergeron,Torey Krug,Brad Marchand,David Pastrnak,Ron Hainsey,William Nylander,Frederik Andersen,Nazem Kadri,Morgan Rielly,Leo Komarov,NA,NA,NA,NA,NA,NA,NA,NA,NA,NA,Patrice Bergeron,Frederik Andersen
29,2,8:21:00,11:39:00,Shot,Tip-In,NA,TOR,2017020243_163_shawn.ferris@wne.edu,-60,-5,NA,NA,-28,-26,-59,-5,Completed,TOR,NA,NA,NA,NA,NA,NA,NA,NA,NA,NA,NA,NA,NA,NA,NA,NA,NA,NA,NA,NA,NA,NA,NA,NA,tip,2017020243_323896861_shawn.ferris@wne.edu:2017020243_847466441_shawn.ferris@wne.edu,Riley Nash,Zdeno Chara,Anton Khudobin,Noel Acciari,Tim Schaller,Charlie McAvoy,Mitchell Marner,Nikita Zaitsev,James van Riemsdyk,Frederik Andersen,Tyler Bozak,Jake Gardiner,Jake Gardiner,Tyler Bozak,NA,NA,NA,NA,NA,NA,NA,NA,Tyler Bozak,Anton Khudobin
30,2,8:42:00,11:18:00,Missed Shot,NA,NA,TOR,2017020243_165_shawn.ferris@wne.edu,-62,-3,NA,NA,-80,21,-64,10,Completed,TOR,NA,NA,NA,NA,NA,NA,NA,NA,NA,NA,NA,NA,NA,NA,NA,NA,NA,NA,NA,NA,NA,NA,NA,NA,NA,2017020243_323896861_shawn.ferris@wne.edu:2017020243_847466441_shawn.ferris@wne.edu,Riley Nash,Zdeno Chara,Anton Khudobin,Noel Acciari,Tim Schaller,Charlie McAvoy,Mitchell Marner,Nikita Zaitsev,James van Riemsdyk,Frederik Andersen,Tyler Bozak,Jake Gardiner,Patrick Marleau,James van Riemsdyk,NA,NA,NA,NA,NA,NA,NA,NA,James van Riemsdyk,NA
31,2,9:19:00,10:41:00,Shot,Snap Shot,NA,BOS,2017020243_169_shawn.ferris@wne.edu,43,2,NA,NA,NA,NA,NA,NA,NA,BOS,NA,NA,NA,NA,NA,NA,NA,NA,NA,NA,NA,NA,NA,NA,NA,NA,NA,NA,NA,NA,NA,NA,NA,NA,NA,NA,Brandon Carlo,Anton Khudobin,Matt Beleskey,Sean Kuraly,Jake DeBrusk,Kevan Miller,Connor Carrick,Matt Martin,Dominic Moore,Frederik Andersen,Josh Leivo,Andreas Borgman,NA,NA,NA,NA,NA,NA,NA,NA,NA,NA,Sean Kuraly,Frederik Andersen
32,2,9:25:00,10:35:00,Shot,Wrist Shot,NA,BOS,2017020243_171_shawn.ferris@wne.edu,50,-24,NA,NA,NA,NA,NA,NA,NA,NA,NA,NA,NA,NA,NA,NA,NA,NA,NA,NA,NA,NA,NA,NA,NA,NA,NA,NA,NA,NA,NA,NA,NA,NA,NA,2017020243_363572067_shawn.ferris@wne.edu:2017020243_193019160_shawn.ferris@wne.edu,Brandon Carlo,Anton Khudobin,Matt Beleskey,Sean Kuraly,Jake DeBrusk,Kevan Miller,Connor Carrick,Matt Martin,Dominic Moore,Frederik Andersen,Josh Leivo,Andreas Borgman,NA,NA,NA,NA,NA,NA,NA,NA,NA,NA,Sean Kuraly,Frederik Andersen
33,2,10:23:00,9:37:00,Shot,Wrist Shot,NA,BOS,2017020243_176_shawn.ferris@wne.edu,83,-4,NA,NA,84,-16,83,-6,Completed,BOS,NA,NA,NA,NA,NA,NA,NA,NA,NA,NA,NA,NA,NA,NA,NA,NA,NA,NA,NA,NA,NA,NA,NA,NA,NA,2017020243_403565489_shawn.ferris@wne.edu,Anders Bjork,Jordan Szwarz,Zdeno Chara,Anton Khudobin,Danton Heinen,Charlie McAvoy,Ron Hainsey,Patrick Marleau,Connor Brown,Frederik Andersen,Morgan Rielly,Leo Komarov,Charlie McAvoy,Danton Heinen,NA,NA,NA,NA,NA,NA,NA,NA,Danton Heinen,Frederik Andersen
34,2,10:54:00,9:06:00,Shot,Snap Shot,NA,BOS,2017020243_180_shawn.ferris@wne.edu,61,15,NA,NA,-49,21,24,39,Completed,BOS,NA,NA,NA,NA,NA,NA,NA,NA,NA,NA,NA,NA,NA,NA,NA,NA,NA,NA,NA,NA,NA,NA,NA,NA,rush,2017020243_830268328_shawn.ferris@wne.edu,Anders Bjork,Jordan Szwarz,Zdeno Chara,Anton Khudobin,Danton Heinen,Charlie McAvoy,Zach Hyman,Patrick Marleau,Nikita Zaitsev,Connor Brown,Frederik Andersen,Jake Gardiner,Zdeno Chara,Danton Heinen,NA,NA,NA,NA,NA,NA,NA,NA,Danton Heinen,Frederik Andersen
35,2,11:07:00,8:53:00,Shot,Snap Shot,NA,BOS,2017020243_183_shawn.ferris@wne.edu,56,-14,NA,NA,NA,NA,NA,NA,NA,NA,NA,NA,NA,NA,NA,NA,NA,NA,NA,NA,NA,NA,NA,NA,NA,NA,NA,NA,NA,NA,NA,NA,NA,NA,NA,NA,Anders Bjork,Jordan Szwarz,Zdeno Chara,Anton Khudobin,Danton Heinen,Charlie McAvoy,Zach Hyman,Patrick Marleau,Nikita Zaitsev,Connor Brown,Frederik Andersen,Jake Gardiner,NA,NA,NA,NA,NA,NA,NA,NA,NA,NA,Danton Heinen,Frederik Andersen
36,2,14:06:00,5:54:00,Shot,Snap Shot,NA,BOS,2017020243_199_shawn.ferris@wne.edu,72,1,NA,NA,88,29,75,1,Completed,BOS,NA,NA,NA,NA,NA,NA,NA,NA,NA,NA,NA,NA,NA,NA,NA,NA,NA,NA,NA,NA,NA,NA,NA,NA,NA,2017020243_27116686_shawn.ferris@wne.edu:2017020243_13013753_shawn.ferris@wne.edu,Paul Postma,Riley Nash,Anton Khudobin,Tim Schaller,Kevan Miller,David Pastrnak,Dominic Moore,Nikita Zaitsev,James van Riemsdyk,Frederik Andersen,Nazem Kadri,Jake Gardiner,Riley Nash,Tim Schaller,NA,NA,NA,NA,NA,NA,NA,NA,Tim Schaller,Frederik Andersen
37,2,14:14:00,5:46:00,Shot,Snap Shot,NA,TOR,2017020243_200_shawn.ferris@wne.edu,-71,5,NA,NA,NA,NA,NA,NA,NA,NA,NA,NA,NA,NA,NA,NA,NA,NA,NA,NA,NA,NA,NA,NA,NA,NA,NA,NA,NA,NA,NA,NA,NA,NA,NA,2017020243_721967682_shawn.ferris@wne.edu:2017020243_361270500_shawn.ferris@wne.edu,Paul Postma,Anton Khudobin,Matt Beleskey,Sean Kuraly,Kevan Miller,David Pastrnak,Ron Hainsey,Zach Hyman,Dominic Moore,Nikita Zaitsev,Frederik Andersen,Nazem Kadri,NA,NA,NA,NA,NA,NA,NA,NA,NA,NA,Nazem Kadri,Anton Khudobin
38,2,14:26:00,5:34:00,Shot,Wrist Shot,NA,TOR,2017020243_202,-78,0,NA,NA,NA,NA,NA,NA,NA,NA,NA,NA,NA,NA,NA,NA,NA,NA,NA,NA,NA,NA,NA,NA,NA,NA,NA,NA,NA,NA,NA,NA,NA,NA,NA,NA,Paul Postma,Anton Khudobin,Matt Beleskey,Sean Kuraly,Kevan Miller,David Pastrnak,Ron Hainsey,Zach Hyman,Dominic Moore,Frederik Andersen,Morgan Rielly,Leo Komarov,NA,NA,NA,NA,NA,NA,NA,NA,NA,NA,Dominic Moore,Anton Khudobin
39,2,14:27:00,5:33:00,Shot,Snap Shot,NA,TOR,2017020243_203,-79,0,NA,NA,NA,NA,NA,NA,NA,NA,NA,NA,NA,NA,NA,NA,NA,NA,NA,NA,NA,NA,NA,NA,NA,NA,NA,NA,NA,NA,NA,NA,NA,NA,NA,NA,Paul Postma,Anton Khudobin,Matt Beleskey,Sean Kuraly,Kevan Miller,David Pastrnak,Ron Hainsey,Zach Hyman,Dominic Moore,Frederik Andersen,Morgan Rielly,Leo Komarov,NA,NA,NA,NA,NA,NA,NA,NA,NA,NA,Dominic Moore,Anton Khudobin
40,2,15:38:00,4:22:00,Goal,NA,NA,BOS,2017020243_212_shawn.ferris@wne.edu,67,-23,NA,NA,63,-40,59,-25,Completed,BOS,NA,NA,NA,NA,NA,NA,NA,NA,NA,NA,NA,NA,NA,NA,NA,NA,NA,NA,NA,NA,NA,NA,NA,NA,one-timer,2017020243_413976580_shawn.ferris@wne.edu:2017020243_176839548_shawn.ferris@wne.edu,Brandon Carlo,Anton Khudobin,Patrice Bergeron,Torey Krug,Brad Marchand,David Pastrnak,Ron Hainsey,Dominic Moore,William Nylander,Frederik Andersen,Nazem Kadri,Morgan Rielly,Brad Marchand,Patrice Bergeron,NA,NA,NA,NA,NA,NA,NA,NA,Patrice Bergeron,Brad Marchand
41,2,18:58:00,1:02:00,Shot,Snap Shot,NA,TOR,2017020243_226_shawn.ferris@wne.edu,-40,-9,NA,NA,-28,-26,-51,-36,Completed,TOR,NA,NA,NA,NA,NA,NA,NA,NA,NA,NA,NA,NA,NA,NA,NA,NA,NA,NA,NA,NA,NA,NA,NA,NA,NA,2017020243_928348500_shawn.ferris@wne.edu:2017020243_16122562_shawn.ferris@wne.edu,Riley Nash,Zdeno Chara,Anton Khudobin,Matt Beleskey,Charlie McAvoy,Jake DeBrusk,Connor Carrick,Patrick Marleau,Connor Brown,Frederik Andersen,Josh Leivo,Morgan Rielly,Patrick Marleau,Morgan Rielly,NA,NA,NA,NA,NA,NA,NA,NA,Morgan Rielly,Anton Khudobin
42,2,19:03:00,0:57:00,Shot,Snap Shot,NA,TOR,2017020243_227_shawn.ferris@wne.edu,-82,22,NA,NA,NA,NA,NA,NA,NA,NA,NA,NA,NA,NA,NA,NA,NA,NA,NA,NA,NA,NA,NA,NA,NA,NA,NA,NA,NA,NA,NA,NA,NA,NA,NA,2017020243_928348500_shawn.ferris@wne.edu:2017020243_16122562_shawn.ferris@wne.edu,Riley Nash,Zdeno Chara,Anton Khudobin,Matt Beleskey,Charlie McAvoy,Jake DeBrusk,Connor Carrick,Patrick Marleau,Connor Brown,Frederik Andersen,Josh Leivo,Morgan Rielly,NA,NA,NA,NA,NA,NA,NA,NA,NA,NA,Connor Carrick,Anton Khudobin
43,2,19:04:00,0:56:00,Missed Shot,NA,NA,TOR,2017020243_228_shawn.ferris@wne.edu,-75,-17,NA,NA,NA,NA,NA,NA,NA,NA,NA,NA,NA,NA,NA,NA,NA,NA,NA,NA,NA,NA,NA,NA,NA,NA,NA,NA,NA,NA,NA,NA,NA,NA,NA,2017020243_928348500_shawn.ferris@wne.edu:2017020243_16122562_shawn.ferris@wne.edu,Riley Nash,Zdeno Chara,Anton Khudobin,Matt Beleskey,Charlie McAvoy,Jake DeBrusk,Connor Carrick,Patrick Marleau,Connor Brown,Frederik Andersen,Josh Leivo,Morgan Rielly,NA,NA,NA,NA,NA,NA,NA,NA,NA,NA,Josh Leivo,NA
44,2,0:16:00,19:44:00,Missed Shot,NA,NA,TOR,2017020250_123_shawn.ferris@wne.edu,-62,-3,NA,NA,-31,36,-63,6,Completed,TOR,-71,36,-32,35,Completed,TOR,NA,NA,NA,NA,NA,NA,NA,NA,NA,NA,NA,NA,NA,NA,NA,NA,NA,NA,tip,2017020250_64413540_shawn.ferris@wne.edu,Ron Hainsey,Patrick Marleau,William Nylander,Curtis McElhinney,Morgan Rielly,Leo Komarov,Riley Nash,Zdeno Chara,Tuukka Rask,Noel Acciari,Tim Schaller,Charlie McAvoy,Nikita Zaitsev,Patrick Marleau,William Nylander,Nikita Zaitsev,NA,NA,NA,NA,NA,NA,Patrick Marleau,NA
45,2,0:47:00,19:13:00,Shot,Wrist Shot,NA,TOR,2017020250_125_shawn.ferris@wne.edu,-42,23,NA,NA,-77,38,-51,36,Completed,TOR,37,12,18,36,Completed,TOR,NA,NA,NA,NA,NA,NA,NA,NA,NA,NA,NA,NA,NA,NA,NA,NA,NA,NA,NA,2017020250_478805323_shawn.ferris@wne.edu,Ron Hainsey,Patrick Marleau,Curtis McElhinney,Nazem Kadri,Morgan Rielly,Jake Gardiner,Zdeno Chara,Patrice Bergeron,Tuukka Rask,Noel Acciari,Brad Marchand,Charlie McAvoy,William Nylander,Jake Gardiner,Jake Gardiner,William Nylander,NA,NA,NA,NA,NA,NA,Jake Gardiner,Tuukka Rask
46,2,1:47:00,18:13:00,Missed Shot,NA,NA,BOS,2017020250_134_shawn.ferris@wne.edu,33,4,NA,NA,55,37,33,5,Completed,BOS,NA,NA,NA,NA,NA,NA,NA,NA,NA,NA,NA,NA,NA,NA,NA,NA,NA,NA,NA,NA,NA,NA,NA,NA,NA,NA,Ron Hainsey,Connor Brown,Curtis McElhinney,Nazem Kadri,Morgan Rielly,Jake Gardiner,Patrice Bergeron,Tuukka Rask,Torey Krug,Brad Marchand,Kevan Miller,David Pastrnak,David Pastrnak,Torey Krug,NA,NA,NA,NA,NA,NA,NA,NA,Torey Krug,NA
47,2,3:26:00,16:34:00,Missed Shot,NA,NA,BOS,2017020250_142_shawn.ferris@wne.edu,36,-16,NA,NA,60,-38,36,-16,Completed,BOS,NA,NA,NA,NA,NA,NA,NA,NA,NA,NA,NA,NA,NA,NA,NA,NA,NA,NA,NA,NA,NA,NA,NA,NA,one-timer,2017020250_258069720_shawn.ferris@wne.edu,Matt Martin,Dominic Moore,Nikita Zaitsev,Josh Leivo,Curtis McElhinney,Jake Gardiner,Jordan Szwarz,Brandon Carlo,Tuukka Rask,Danton Heinen,Rob O'Gara,Frank Vatrano,Frank Vatrano,Brandon Carlo,NA,NA,NA,NA,NA,NA,NA,NA,Brandon Carlo,NA
48,2,4:44:00,15:16:00,Shot,Wrist Shot,NA,TOR,2017020250_151,-40,-39,NA,NA,NA,NA,NA,NA,NA,NA,NA,NA,NA,NA,NA,NA,NA,NA,NA,NA,NA,NA,NA,NA,NA,NA,NA,NA,NA,NA,NA,NA,NA,NA,NA,NA,Connor Carrick,Mitchell Marner,James van Riemsdyk,Curtis McElhinney,Tyler Bozak,Andreas Borgman,Riley Nash,Zdeno Chara,Tuukka Rask,Noel Acciari,Tim Schaller,Charlie McAvoy,NA,NA,NA,NA,NA,NA,NA,NA,NA,NA,James van Riemsdyk,Tuukka Rask
49,2,4:57:00,15:03:00,Shot,Wrist Shot,NA,BOS,2017020250_154,40,6,NA,NA,NA,NA,NA,NA,NA,NA,NA,NA,NA,NA,NA,NA,NA,NA,NA,NA,NA,NA,NA,NA,NA,NA,NA,NA,NA,NA,NA,NA,NA,NA,NA,NA,William Nylander,Curtis McElhinney,Nazem Kadri,Morgan Rielly,Leo Komarov,Andreas Borgman,Patrice Bergeron,Tuukka Rask,Torey Krug,Brad Marchand,Kevan Miller,David Pastrnak,NA,NA,NA,NA,NA,NA,NA,NA,NA,NA,Brad Marchand,Curtis McElhinney
50,2,5:01:00,14:59:00,Shot,Snap Shot,NA,BOS,2017020250_157,61,-1,NA,NA,NA,NA,NA,NA,NA,NA,NA,NA,NA,NA,NA,NA,NA,NA,NA,NA,NA,NA,NA,NA,NA,NA,NA,NA,NA,NA,NA,NA,NA,NA,NA,NA,William Nylander,Curtis McElhinney,Nazem Kadri,Morgan Rielly,Leo Komarov,Andreas Borgman,Patrice Bergeron,Tuukka Rask,Torey Krug,Brad Marchand,Kevan Miller,David Pastrnak,NA,NA,NA,NA,NA,NA,NA,NA,NA,NA,Brad Marchand,Curtis McElhinney
51,2,5:37:00,14:23:00,Shot,Wrist Shot,NA,BOS,2017020250_163_shawn.ferris@wne.edu,71,5,NA,NA,NA,NA,NA,NA,NA,NA,NA,NA,NA,NA,NA,NA,NA,NA,NA,NA,NA,NA,NA,NA,NA,NA,NA,NA,NA,NA,NA,NA,NA,NA,NA,NA,Zach Hyman,Patrick Marleau,Nikita Zaitsev,Connor Brown,Curtis McElhinney,Jake Gardiner,Anders Bjork,Zdeno Chara,Matt Beleskey,Tuukka Rask,Sean Kuraly,Charlie McAvoy,NA,NA,NA,NA,NA,NA,NA,NA,NA,NA,Sean Kuraly,Curtis McElhinney
52,2,5:41:00,14:19:00,Shot,Wrist Shot,NA,BOS,2017020250_164,82,3,NA,NA,NA,NA,NA,NA,NA,NA,NA,NA,NA,NA,NA,NA,NA,NA,NA,NA,NA,NA,NA,NA,NA,NA,NA,NA,NA,NA,NA,NA,NA,NA,NA,NA,Zach Hyman,Patrick Marleau,Nikita Zaitsev,Connor Brown,Curtis McElhinney,Jake Gardiner,Anders Bjork,Zdeno Chara,Matt Beleskey,Tuukka Rask,Sean Kuraly,Charlie McAvoy,NA,NA,NA,NA,NA,NA,NA,NA,NA,NA,Sean Kuraly,Curtis McElhinney
53,2,6:21:00,13:39:00,Shot,Tip-In,NA,TOR,2017020250_167,9,5,NA,NA,NA,NA,NA,NA,NA,NA,NA,NA,NA,NA,NA,NA,NA,NA,NA,NA,NA,NA,NA,NA,NA,NA,NA,NA,NA,NA,NA,NA,NA,NA,NA,NA,Zach Hyman,Patrick Marleau,Nikita Zaitsev,Connor Brown,Curtis McElhinney,Jake Gardiner,Jordan Szwarz,Tuukka Rask,Danton Heinen,Rob O'Gara,Frank Vatrano,Charlie McAvoy,NA,NA,NA,NA,NA,NA,NA,NA,NA,NA,Connor Brown,Tuukka Rask
54,2,6:53:00,13:07:00,Missed Shot,NA,NA,BOS,2017020250_169_shawn.ferris@wne.edu,46,-17,NA,NA,97,-20,32,-36,Completed,BOS,NA,NA,NA,NA,NA,NA,NA,NA,NA,NA,NA,NA,NA,NA,NA,NA,NA,NA,NA,NA,NA,NA,NA,NA,NA,2017020250_353323965_shawn.ferris@wne.edu,Connor Carrick,Matt Martin,Dominic Moore,Nikita Zaitsev,Josh Leivo,Curtis McElhinney,Jordan Szwarz,Brandon Carlo,Tuukka Rask,Danton Heinen,Rob O'Gara,Frank Vatrano,Danton Heinen,Brandon Carlo,NA,NA,NA,NA,NA,NA,NA,NA,Brandon Carlo,NA
55,2,7:31:00,12:29:00,Shot,Wrist Shot,NA,BOS,2017020250_173_shawn.ferris@wne.edu,94,8,NA,NA,NA,NA,NA,NA,NA,NA,NA,NA,NA,NA,NA,NA,NA,NA,NA,NA,NA,NA,NA,NA,NA,NA,NA,NA,NA,NA,NA,NA,NA,NA,NA,2017020250_416364346_shawn.ferris@wne.edu:2017020250_210890113_shawn.ferris@wne.edu,Connor Carrick,William Nylander,Curtis McElhinney,Nazem Kadri,Leo Komarov,Andreas Borgman,Riley Nash,Brandon Carlo,Zdeno Chara,Tuukka Rask,Danton Heinen,Frank Vatrano,NA,NA,NA,NA,NA,NA,NA,NA,NA,NA,Brandon Carlo,Curtis McElhinney
56,2,7:48:00,12:12:00,Shot,Wrist Shot,NA,TOR,2017020250_176_shawn.ferris@wne.edu,-51,20,NA,NA,2,-20,-20,29,Completed,TOR,NA,NA,NA,NA,NA,NA,NA,NA,NA,NA,NA,NA,NA,NA,NA,NA,NA,NA,NA,NA,NA,NA,NA,NA,NA,2017020250_477593746_shawn.ferris@wne.edu,Ron Hainsey,William Nylander,Curtis McElhinney,Nazem Kadri,Morgan Rielly,Leo Komarov,Riley Nash,Zdeno Chara,Tuukka Rask,Noel Acciari,Tim Schaller,Charlie McAvoy,Leo Komarov,William Nylander,NA,NA,NA,NA,NA,NA,NA,NA,William Nylander,Tuukka Rask
57,2,8:27:00,11:33:00,Shot,Backhand,NA,TOR,2017020250_179_shawn.ferris@wne.edu,-38,33,NA,NA,NA,NA,NA,NA,NA,NA,NA,NA,NA,NA,NA,NA,NA,NA,NA,NA,NA,NA,NA,NA,NA,NA,NA,NA,NA,NA,NA,NA,NA,NA,NA,NA,Patrick Marleau,Nikita Zaitsev,Connor Brown,Curtis McElhinney,Nazem Kadri,Jake Gardiner,Riley Nash,Tuukka Rask,Torey Krug,Noel Acciari,Brad Marchand,Kevan Miller,NA,NA,NA,NA,NA,NA,NA,NA,NA,NA,Nikita Zaitsev,Tuukka Rask
58,2,8:44:00,11:16:00,Missed Shot,NA,NA,BOS,2017020250_180_shawn.ferris@wne.edu,85,12,NA,NA,76,27,76,8,Completed,BOS,NA,NA,NA,NA,NA,NA,NA,NA,NA,NA,NA,NA,NA,NA,NA,NA,NA,NA,NA,NA,NA,NA,NA,NA,NA,2017020250_773409029_shawn.ferris@wne.edu,Zach Hyman,Nikita Zaitsev,Connor Brown,Curtis McElhinney,Nazem Kadri,Jake Gardiner,Patrice Bergeron,Tuukka Rask,Torey Krug,Noel Acciari,Brad Marchand,Kevan Miller,Torey Krug,Noel Acciari,NA,NA,NA,NA,NA,NA,NA,NA,Noel Acciari,NA
59,2,8:54:00,11:06:00,Shot,Snap Shot,NA,BOS,2017020250_181_shawn.ferris@wne.edu,37,3,NA,NA,27,-24,47,28,Completed,BOS,NA,NA,NA,NA,NA,NA,NA,NA,NA,NA,NA,NA,NA,NA,NA,NA,NA,NA,NA,NA,NA,NA,NA,NA,NA,2017020250_773409029_shawn.ferris@wne.edu,Zach Hyman,Nikita Zaitsev,Connor Brown,Curtis McElhinney,Nazem Kadri,Jake Gardiner,Patrice Bergeron,Tuukka Rask,Torey Krug,Brad Marchand,Kevan Miller,David Pastrnak,Kevan Miller,Torey Krug,NA,NA,NA,NA,NA,NA,NA,NA,Torey Krug,Curtis McElhinney
60,2,8:57:00,11:03:00,Shot,Wrist Shot,NA,BOS,2017020250_182_shawn.ferris@wne.edu,33,-4,NA,NA,84,37,32,-10,Completed,BOS,NA,NA,NA,NA,NA,NA,NA,NA,NA,NA,NA,NA,NA,NA,NA,NA,NA,NA,NA,NA,NA,NA,NA,NA,NA,2017020250_773409029_shawn.ferris@wne.edu,Zach Hyman,Nikita Zaitsev,Connor Brown,Curtis McElhinney,Nazem Kadri,Jake Gardiner,Patrice Bergeron,Tuukka Rask,Torey Krug,Brad Marchand,Kevan Miller,David Pastrnak,Patrice Bergeron,Kevan Miller,NA,NA,NA,NA,NA,NA,NA,NA,Kevan Miller,Curtis McElhinney
61,2,9:04:00,10:56:00,Shot,Tip-In,NA,BOS,2017020250_185,73,4,NA,NA,NA,NA,NA,NA,NA,NA,NA,NA,NA,NA,NA,NA,NA,NA,NA,NA,NA,NA,NA,NA,NA,NA,NA,NA,NA,NA,NA,NA,NA,NA,NA,NA,Ron Hainsey,Zach Hyman,Connor Brown,Curtis McElhinney,Nazem Kadri,Morgan Rielly,Patrice Bergeron,Tuukka Rask,Torey Krug,Brad Marchand,Kevan Miller,David Pastrnak,NA,NA,NA,NA,NA,NA,NA,NA,NA,NA,Brad Marchand,Curtis McElhinney
62,2,9:04:00,10:56:00,Shot,Wrist Shot,NA,BOS,2017020250_186_shawn.ferris@wne.edu,80,5,NA,NA,93,-22,80,1,Completed,BOS,NA,NA,NA,NA,NA,NA,NA,NA,NA,NA,NA,NA,NA,NA,NA,NA,NA,NA,NA,NA,NA,NA,NA,NA,NA,NA,Ron Hainsey,Zach Hyman,Connor Brown,Curtis McElhinney,Nazem Kadri,Morgan Rielly,Patrice Bergeron,Tuukka Rask,Torey Krug,Brad Marchand,Kevan Miller,David Pastrnak,Patrice Bergeron,Brad Marchand,NA,NA,NA,NA,NA,NA,NA,NA,Brad Marchand,Curtis McElhinney
63,2,12:24:00,7:36:00,Shot,Wrist Shot,NA,BOS,2017020250_204_shawn.ferris@wne.edu,77,3,NA,NA,NA,NA,NA,NA,NA,NA,NA,NA,NA,NA,NA,NA,NA,NA,NA,NA,NA,NA,NA,NA,NA,NA,NA,NA,NA,NA,NA,NA,NA,NA,NA,2017020250_384979652_shawn.ferris@wne.edu,Ron Hainsey,Patrick Marleau,William Nylander,Curtis McElhinney,Morgan Rielly,Leo Komarov,Riley Nash,Zdeno Chara,Tuukka Rask,Noel Acciari,Tim Schaller,Charlie McAvoy,NA,NA,NA,NA,NA,NA,NA,NA,NA,NA,Riley Nash,Curtis McElhinney
64,2,12:53:00,7:07:00,Shot,Slap Shot,NA,BOS,2017020250_207_shawn.ferris@wne.edu,33,19,NA,NA,86,21,33,19,Completed,BOS,NA,NA,NA,NA,NA,NA,NA,NA,NA,NA,NA,NA,NA,NA,NA,NA,NA,NA,NA,NA,NA,NA,NA,NA,NA,NA,Mitchell Marner,Nikita Zaitsev,James van Riemsdyk,Curtis McElhinney,Tyler Bozak,Jake Gardiner,Patrice Bergeron,Tuukka Rask,Torey Krug,Brad Marchand,Kevan Miller,David Pastrnak,Brad Marchand,Torey Krug,NA,NA,NA,NA,NA,NA,NA,NA,Torey Krug,Curtis McElhinney
65,2,14:23:00,5:37:00,Shot,Wrist Shot,NA,TOR,2017020250_221_shawn.ferris@wne.edu,-78,-31,NA,NA,NA,NA,NA,NA,NA,NA,NA,NA,NA,NA,NA,NA,NA,NA,NA,NA,NA,NA,NA,NA,NA,NA,NA,NA,NA,NA,NA,NA,NA,NA,NA,2017020250_520085017_shawn.ferris@wne.edu:2017020250_657410251_shawn.ferris@wne.edu,Ron Hainsey,Zach Hyman,Patrick Marleau,Connor Brown,Curtis McElhinney,Morgan Rielly,Anders Bjork,Zdeno Chara,Tuukka Rask,Sean Kuraly,Frank Vatrano,Charlie McAvoy,NA,NA,NA,NA,NA,NA,NA,NA,NA,NA,Patrick Marleau,Tuukka Rask
66,2,15:20:00,4:40:00,Shot,Tip-In,NA,BOS,2017020250_223_shawn.ferris@wne.edu,80,-6,NA,NA,76,20,80,-4,Completed,BOS,NA,NA,NA,NA,NA,NA,NA,NA,NA,NA,NA,NA,NA,NA,NA,NA,NA,NA,NA,NA,NA,NA,NA,NA,NA,2017020250_659875844_shawn.ferris@wne.edu,Nikita Zaitsev,William Nylander,Curtis McElhinney,Nazem Kadri,Morgan Rielly,Leo Komarov,Patrice Bergeron,Tuukka Rask,Torey Krug,Brad Marchand,Kevan Miller,David Pastrnak,Patrice Bergeron,Brad Marchand,NA,NA,NA,NA,NA,NA,NA,NA,Brad Marchand,Curtis McElhinney
67,2,18:13:00,1:47:00,Shot,Wrist Shot,NA,BOS,2017020250_238_shawn.ferris@wne.edu,59,-29,NA,NA,-19,18,21,-31,Completed,BOS,-49,-40,-40,17,Completed,BOS,NA,NA,NA,NA,NA,NA,NA,NA,NA,NA,NA,NA,NA,NA,NA,NA,NA,NA,rush,2017020250_702218670_shawn.ferris@wne.edu:2017020250_86970171_shawn.ferris@wne.edu,Ron Hainsey,James van Riemsdyk,Curtis McElhinney,Tyler Bozak,Nazem Kadri,Morgan Rielly,Patrice Bergeron,Tuukka Rask,Torey Krug,Brad Marchand,Frank Vatrano,Kevan Miller,Torey Krug,Patrice Bergeron,Kevan Miller,Torey Krug,NA,NA,NA,NA,NA,NA,Patrice Bergeron,Curtis McElhinney
68,2,18:32:00,1:28:00,Shot,Wrist Shot,NA,TOR,2017020250_242_shawn.ferris@wne.edu,-49,-28,NA,NA,NA,NA,NA,NA,NA,NA,NA,NA,NA,NA,NA,NA,NA,NA,NA,NA,NA,NA,NA,NA,NA,NA,NA,NA,NA,NA,NA,NA,NA,NA,NA,2017020250_987269896_shawn.ferris@wne.edu,Ron Hainsey,Nikita Zaitsev,William Nylander,Curtis McElhinney,Nazem Kadri,Leo Komarov,Patrice Bergeron,Tuukka Rask,Torey Krug,Brad Marchand,Kevan Miller,David Pastrnak,NA,NA,NA,NA,NA,NA,NA,NA,NA,NA,Leo Komarov,Tuukka Rask
69,2,18:55:00,1:05:00,Missed Shot,NA,NA,TOR,2017020250_247_shawn.ferris@wne.edu,-39,12,NA,NA,-60,38,-31,39,Completed,TOR,NA,NA,NA,NA,NA,NA,NA,NA,NA,NA,NA,NA,NA,NA,NA,NA,NA,NA,NA,NA,NA,NA,NA,NA,NA,NA,Mitchell Marner,Nikita Zaitsev,James van Riemsdyk,Curtis McElhinney,Tyler Bozak,Andreas Borgman,Jordan Szwarz,Zdeno Chara,Tuukka Rask,Danton Heinen,Sean Kuraly,Charlie McAvoy,Tyler Bozak,Nikita Zaitsev,NA,NA,NA,NA,NA,NA,NA,NA,Nikita Zaitsev,NA
70,2,19:21:00,0:39:00,Shot,Wrist Shot,NA,TOR,2017020250_248_shawn.ferris@wne.edu,-51,-24,NA,NA,NA,NA,NA,NA,NA,NA,NA,NA,NA,NA,NA,NA,NA,NA,NA,NA,NA,NA,NA,NA,NA,NA,NA,NA,NA,NA,NA,NA,NA,NA,NA,2017020250_685496935_shawn.ferris@wne.edu:2017020250_44865162_shawn.ferris@wne.edu,Connor Carrick,Mitchell Marner,James van Riemsdyk,Curtis McElhinney,Tyler Bozak,Andreas Borgman,Jordan Szwarz,Zdeno Chara,Tuukka Rask,Danton Heinen,Sean Kuraly,Charlie McAvoy,NA,NA,NA,NA,NA,NA,NA,NA,NA,NA,James van Riemsdyk,Tuukka Rask
71,1,0:29:00,19:31:00,Missed Shot,NA,NA,TOR,2017020794_4_shawn.ferris@wne.edu,-34,-30,NA,NA,NA,NA,NA,NA,NA,NA,NA,NA,NA,NA,NA,NA,NA,NA,NA,NA,NA,NA,NA,NA,NA,NA,NA,NA,NA,NA,NA,NA,NA,NA,NA,NA,Ron Hainsey,Zach Hyman,William Nylander,Frederik Andersen,Auston Matthews,Morgan Rielly,Zdeno Chara,Patrice Bergeron,Tuukka Rask,Danton Heinen,Charlie McAvoy,David Pastrnak,NA,NA,NA,NA,NA,NA,NA,NA,NA,NA,Morgan Rielly,NA
72,1,1:18:00,18:42:00,Shot,Wrist Shot,NA,TOR,2017020794_8_shawn.ferris@wne.edu,-35,25,NA,NA,-68,40,-29,38,Completed,TOR,NA,NA,NA,NA,NA,NA,NA,NA,NA,NA,NA,NA,NA,NA,NA,NA,NA,NA,NA,NA,NA,NA,NA,NA,NA,NA,Patrick Marleau,Mitchell Marner,Nikita Zaitsev,Frederik Andersen,Nazem Kadri,Jake Gardiner,Riley Nash,Tuukka Rask,David Backes,Matt Grzelcyk,Adam McQuaid,Tim Schaller,Nazem Kadri,Nikita Zaitsev,NA,NA,NA,NA,NA,NA,NA,NA,Nikita Zaitsev,Tuukka Rask
73,1,2:37:00,17:23:00,Shot,Wrist Shot,NA,BOS,2017020794_14_shawn.ferris@wne.edu,60,11,NA,NA,30,-7,32,19,Completed,BOS,-36,40,-18,22,Completed,BOS,NA,NA,NA,NA,NA,NA,NA,NA,NA,NA,NA,NA,NA,NA,NA,NA,NA,NA,NA,2017020794_90281733_shawn.ferris@wne.edu:2017020794_169417439_shawn.ferris@wne.edu,Ron Hainsey,Zach Hyman,William Nylander,Frederik Andersen,Auston Matthews,Morgan Rielly,Brandon Carlo,Zdeno Chara,Patrice Bergeron,Tuukka Rask,Danton Heinen,David Pastrnak,David Pastrnak,Patrice Bergeron,Patrice Bergeron,David Pastrnak,NA,NA,NA,NA,NA,NA,Patrice Bergeron,Frederik Andersen
74,1,3:02:00,16:58:00,Shot,Wrist Shot,NA,BOS,2017020794_18_shawn.ferris@wne.edu,55,-25,NA,NA,NA,NA,NA,NA,NA,NA,NA,NA,NA,NA,NA,NA,NA,NA,NA,NA,NA,NA,NA,NA,NA,NA,NA,NA,NA,NA,NA,NA,NA,NA,NA,2017020794_407760143_shawn.ferris@wne.edu,Ron Hainsey,Patrick Marleau,Mitchell Marner,Frederik Andersen,Nazem Kadri,Morgan Rielly,Riley Nash,Zdeno Chara,Tuukka Rask,Danton Heinen,Charlie McAvoy,David Pastrnak,NA,NA,NA,NA,NA,NA,NA,NA,NA,NA,Zdeno Chara,Frederik Andersen
75,1,3:08:00,16:52:00,Missed Shot,NA,NA,BOS,2017020794_19_shawn.ferris@wne.edu,52,0,NA,NA,NA,NA,NA,NA,NA,NA,NA,NA,NA,NA,NA,NA,NA,NA,NA,NA,NA,NA,NA,NA,NA,NA,NA,NA,NA,NA,NA,NA,NA,NA,NA,2017020794_407760143_shawn.ferris@wne.edu,Ron Hainsey,Patrick Marleau,Mitchell Marner,Frederik Andersen,Nazem Kadri,Morgan Rielly,Riley Nash,Zdeno Chara,Tuukka Rask,Danton Heinen,Adam McQuaid,David Pastrnak,NA,NA,NA,NA,NA,NA,NA,NA,NA,NA,David Pastrnak,NA
76,1,3:49:00,16:11:00,Shot,Wrist Shot,NA,BOS,2017020794_21_shawn.ferris@wne.edu,0,35,NA,NA,NA,NA,NA,NA,NA,NA,NA,NA,NA,NA,NA,NA,NA,NA,NA,NA,NA,NA,NA,NA,NA,NA,NA,NA,NA,NA,NA,NA,NA,NA,NA,NA,Connor Carrick,Travis Dermott,James van Riemsdyk,Connor Brown,Frederik Andersen,Tyler Bozak,Riley Nash,Tuukka Rask,David Backes,Matt Grzelcyk,Adam McQuaid,Tim Schaller,NA,NA,NA,NA,NA,NA,NA,NA,NA,NA,Matt Grzelcyk,Frederik Andersen
77,1,3:58:00,16:02:00,Missed Shot,NA,NA,TOR,2017020794_22_shawn.ferris@wne.edu,-40,-23,NA,NA,-17,-29,-26,-38,Completed,TOR,6,-16,-3,-25,Completed,TOR,NA,NA,NA,NA,NA,NA,NA,NA,NA,NA,NA,NA,NA,NA,NA,NA,NA,NA,rush,2017020794_641566685_shawn.ferris@wne.edu:2017020794_61740680_shawn.ferris@wne.edu,Nikita Zaitsev,James van Riemsdyk,Connor Brown,Frederik Andersen,Tyler Bozak,Jake Gardiner,Brandon Carlo,Tuukka Rask,David Krejci,Matt Grzelcyk,Ryan Spooner,Tim Schaller,Tyler Bozak,James van Riemsdyk,Connor Brown,Tyler Bozak,NA,NA,NA,NA,NA,NA,James van Riemsdyk,NA
78,1,4:29:00,15:31:00,Goal,NA,NA,BOS,2017020794_28_shawn.ferris@wne.edu,49,14,NA,NA,82,22,57,13,Completed,BOS,NA,NA,NA,NA,NA,NA,NA,NA,NA,NA,NA,NA,NA,NA,NA,NA,NA,NA,NA,NA,NA,NA,NA,NA,NA,2017020794_930556180_shawn.ferris@wne.edu:2017020794_567508103_shawn.ferris@wne.edu,Zach Hyman,Nikita Zaitsev,William Nylander,Frederik Andersen,Auston Matthews,Jake Gardiner,Zdeno Chara,Patrice Bergeron,Tuukka Rask,Danton Heinen,Charlie McAvoy,David Pastrnak,Danton Heinen,Patrice Bergeron,NA,NA,NA,NA,NA,NA,NA,NA,Patrice Bergeron,Danton Heinen
79,1,5:38:00,14:22:00,Shot,Wrist Shot,NA,TOR,2017020794_32_shawn.ferris@wne.edu,-75,-1,NA,NA,NA,NA,NA,NA,NA,NA,NA,NA,NA,NA,NA,NA,NA,NA,NA,NA,NA,NA,NA,NA,NA,NA,NA,NA,NA,NA,NA,NA,NA,NA,NA,2017020794_431412505_shawn.ferris@wne.edu:2017020794_718023223_shawn.ferris@wne.edu,Ron Hainsey,Dominic Moore,Kasperi Kapanen,Frederik Andersen,Morgan Rielly,Leo Komarov,Austin Czarnik,Tuukka Rask,Matt Grzelcyk,Sean Kuraly,Adam McQuaid,Frank Vatrano,NA,NA,NA,NA,NA,NA,NA,NA,NA,NA,Kasperi Kapanen,Tuukka Rask
80,1,5:49:00,14:11:00,Missed Shot,NA,NA,TOR,2017020794_34_shawn.ferris@wne.edu,-37,25,NA,NA,-46,40,-30,39,Completed,TOR,NA,NA,NA,NA,NA,NA,NA,NA,NA,NA,NA,NA,NA,NA,NA,NA,NA,NA,NA,NA,NA,NA,NA,NA,NA,2017020794_431412505_shawn.ferris@wne.edu:2017020794_718023223_shawn.ferris@wne.edu,Ron Hainsey,Dominic Moore,Kasperi Kapanen,Frederik Andersen,Morgan Rielly,Leo Komarov,Austin Czarnik,Tuukka Rask,Matt Grzelcyk,Sean Kuraly,Adam McQuaid,Frank Vatrano,Leo Komarov,Dominic Moore,NA,NA,NA,NA,NA,NA,NA,NA,Dominic Moore,NA
81,1,9:49:00,10:11:00,Shot,Wrist Shot,NA,BOS,2017020794_52_shawn.ferris@wne.edu,42,-24,NA,NA,NA,NA,NA,NA,NA,NA,NA,NA,NA,NA,NA,NA,NA,NA,NA,NA,NA,NA,NA,NA,NA,NA,NA,NA,NA,NA,NA,NA,NA,NA,NA,2017020794_738378312_shawn.ferris@wne.edu,Patrick Marleau,Mitchell Marner,Nikita Zaitsev,Frederik Andersen,Auston Matthews,Jake Gardiner,Riley Nash,Zdeno Chara,Tuukka Rask,David Backes,Tim Schaller,Charlie McAvoy,NA,NA,NA,NA,NA,NA,NA,NA,NA,NA,David Backes,Frederik Andersen
82,1,10:50:00,9:10:00,Shot,Tip-In,NA,BOS,2017020794_57_shawn.ferris@wne.edu,80,0,NA,NA,51,-38,78,0,Completed,BOS,NA,NA,NA,NA,NA,NA,NA,NA,NA,NA,NA,NA,NA,NA,NA,NA,NA,NA,NA,NA,NA,NA,NA,NA,tip,2017020794_906894185_shawn.ferris@wne.edu:2017020794_940525057_shawn.ferris@wne.edu,Connor Carrick,Travis Dermott,James van Riemsdyk,William Nylander,Frederik Andersen,Tyler Bozak,Brandon Carlo,Austin Czarnik,Tuukka Rask,Torey Krug,Sean Kuraly,Frank Vatrano,Austin Czarnik,Sean Kuraly,NA,NA,NA,NA,NA,NA,NA,NA,Sean Kuraly,Frederik Andersen
83,1,11:00:00,9:00:00,Shot,Wrist Shot,NA,BOS,2017020794_59_shawn.ferris@wne.edu,61,17,NA,NA,NA,NA,NA,NA,NA,NA,NA,NA,NA,NA,NA,NA,NA,NA,NA,NA,NA,NA,NA,NA,NA,NA,NA,NA,NA,NA,NA,NA,NA,NA,rebound,2017020794_906894185_shawn.ferris@wne.edu:2017020794_940525057_shawn.ferris@wne.edu,Connor Carrick,Travis Dermott,James van Riemsdyk,Connor Brown,Frederik Andersen,Tyler Bozak,Austin Czarnik,Tuukka Rask,Matt Grzelcyk,Sean Kuraly,Adam McQuaid,Frank Vatrano,NA,NA,NA,NA,NA,NA,NA,NA,NA,NA,Frank Vatrano,Frederik Andersen
84,1,11:04:00,8:56:00,Missed Shot,NA,NA,BOS,2017020794_62_shawn.ferris@wne.edu,29,27,NA,NA,NA,NA,NA,NA,NA,NA,NA,NA,NA,NA,NA,NA,NA,NA,NA,NA,NA,NA,NA,NA,NA,NA,NA,NA,NA,NA,NA,NA,NA,NA,NA,NA,Connor Carrick,Travis Dermott,Kasperi Kapanen,Frederik Andersen,Tyler Bozak,Leo Komarov,Brandon Carlo,Austin Czarnik,Tuukka Rask,Torey Krug,Sean Kuraly,Frank Vatrano,NA,NA,NA,NA,NA,NA,NA,NA,NA,NA,Torey Krug,NA
85,1,11:24:00,8:36:00,Shot,Tip-In,NA,BOS,2017020794_64_shawn.ferris@wne.edu,36,8,NA,NA,NA,NA,NA,NA,NA,NA,NA,NA,NA,NA,NA,NA,NA,NA,NA,NA,NA,NA,NA,NA,NA,NA,NA,NA,NA,NA,NA,NA,NA,NA,NA,NA,Connor Carrick,Travis Dermott,Kasperi Kapanen,Frederik Andersen,Tyler Bozak,Leo Komarov,Brandon Carlo,Austin Czarnik,Tuukka Rask,Torey Krug,Sean Kuraly,Frank Vatrano,NA,NA,NA,NA,NA,NA,NA,NA,NA,NA,Sean Kuraly,Frederik Andersen
86,1,11:49:00,8:11:00,Missed Shot,NA,NA,BOS,2017020794_65_shawn.ferris@wne.edu,37,14,NA,NA,NA,NA,NA,NA,NA,NA,NA,NA,NA,NA,NA,NA,NA,NA,NA,NA,NA,NA,NA,NA,NA,NA,NA,NA,NA,NA,NA,NA,NA,NA,NA,NA,Dominic Moore,Nikita Zaitsev,James van Riemsdyk,Connor Brown,Frederik Andersen,Jake Gardiner,Brandon Carlo,Tuukka Rask,David Krejci,Torey Krug,Ryan Spooner,Jake DeBrusk,NA,NA,NA,NA,NA,NA,NA,NA,NA,NA,Jake DeBrusk,NA
87,1,13:04:00,6:56:00,Shot,Wrist Shot,NA,TOR,2017020794_69_shawn.ferris@wne.edu,-57,26,NA,NA,95,-6,53,-38,Completed,TOR,NA,NA,NA,NA,NA,NA,NA,NA,NA,NA,NA,NA,NA,NA,NA,NA,NA,NA,NA,NA,NA,NA,NA,NA,rush,2017020794_47527776_shawn.ferris@wne.edu:2017020794_847474955_shawn.ferris@wne.edu,Ron Hainsey,Patrick Marleau,Mitchell Marner,Frederik Andersen,Nazem Kadri,Morgan Rielly,Riley Nash,Brandon Carlo,Tuukka Rask,David Backes,Torey Krug,Tim Schaller,Travis Dermott,Mitchell Marner,NA,NA,NA,NA,NA,NA,NA,NA,Mitchell Marner,Tuukka Rask
88,1,13:12:00,6:48:00,Shot,Wrist Shot,NA,TOR,2017020794_71_shawn.ferris@wne.edu,-49,2,NA,NA,-52,-29,-53,1,Completed,TOR,-29,37,-29,-18,Completed,TOR,NA,NA,NA,NA,NA,NA,NA,NA,NA,NA,NA,NA,NA,NA,NA,NA,NA,NA,NA,2017020794_47527776_shawn.ferris@wne.edu:2017020794_847474955_shawn.ferris@wne.edu,Ron Hainsey,Patrick Marleau,Mitchell Marner,Frederik Andersen,Nazem Kadri,Morgan Rielly,Riley Nash,Brandon Carlo,Tuukka Rask,David Backes,Torey Krug,Tim Schaller,Morgan Rielly,Nazem Kadri,Patrick Marleau,Morgan Rielly,NA,NA,NA,NA,NA,NA,Nazem Kadri,Tuukka Rask
89,1,14:18:00,5:42:00,Shot,Wrist Shot,NA,BOS,2017020794_77_shawn.ferris@wne.edu,84,-9,NA,NA,97,-1,89,-10,Completed,BOS,NA,NA,NA,NA,NA,NA,NA,NA,NA,NA,NA,NA,NA,NA,NA,NA,NA,NA,NA,NA,NA,NA,NA,NA,NA,NA,Dominic Moore,Nikita Zaitsev,Kasperi Kapanen,Frederik Andersen,Leo Komarov,Jake Gardiner,Austin Czarnik,Tuukka Rask,Matt Grzelcyk,Sean Kuraly,Adam McQuaid,Frank Vatrano,Austin Czarnik,Sean Kuraly,NA,NA,NA,NA,NA,NA,NA,NA,Sean Kuraly,Frederik Andersen
90,1,14:43:00,5:17:00,Shot,Wrist Shot,NA,TOR,2017020794_78_shawn.ferris@wne.edu,49,24,NA,NA,NA,NA,NA,NA,NA,NA,NA,NA,NA,NA,NA,NA,NA,NA,NA,NA,NA,NA,NA,NA,NA,NA,NA,NA,NA,NA,NA,NA,NA,NA,NA,NA,Dominic Moore,Nikita Zaitsev,Travis Dermott,Kasperi Kapanen,Frederik Andersen,Leo Komarov,Brandon Carlo,Tuukka Rask,David Krejci,Torey Krug,Ryan Spooner,Jake DeBrusk,NA,NA,NA,NA,NA,NA,NA,NA,NA,NA,Nikita Zaitsev,Tuukka Rask
91,1,16:38:00,3:22:00,Missed Shot,NA,NA,BOS,2017020794_88,57,-10,NA,NA,NA,NA,NA,NA,NA,NA,NA,NA,NA,NA,NA,NA,NA,NA,NA,NA,NA,NA,NA,NA,NA,NA,NA,NA,NA,NA,NA,NA,NA,NA,NA,NA,Patrick Marleau,Mitchell Marner,Travis Dermott,Frederik Andersen,Nazem Kadri,Jake Gardiner,Riley Nash,Zdeno Chara,Tuukka Rask,David Backes,Tim Schaller,Charlie McAvoy,NA,NA,NA,NA,NA,NA,NA,NA,NA,NA,David Backes,NA
92,1,16:42:00,3:18:00,Shot,Wrist Shot,NA,BOS,2017020794_89_shawn.ferris@wne.edu,36,25,NA,NA,NA,NA,NA,NA,NA,NA,NA,NA,NA,NA,NA,NA,NA,NA,NA,NA,NA,NA,NA,NA,NA,NA,NA,NA,NA,NA,NA,NA,NA,NA,NA,NA,Patrick Marleau,Mitchell Marner,Travis Dermott,Frederik Andersen,Nazem Kadri,Jake Gardiner,Riley Nash,Zdeno Chara,Tuukka Rask,David Backes,Tim Schaller,Charlie McAvoy,NA,NA,NA,NA,NA,NA,NA,NA,NA,NA,Zdeno Chara,Frederik Andersen
93,1,16:47:00,3:13:00,Shot,Tip-In,NA,BOS,2017020794_90_shawn.ferris@wne.edu,67,5,NA,NA,29,33,68,18,Completed,BOS,NA,NA,NA,NA,NA,NA,NA,NA,NA,NA,NA,NA,NA,NA,NA,NA,NA,NA,NA,NA,NA,NA,NA,NA,tip,NA,Patrick Marleau,Mitchell Marner,Travis Dermott,Frederik Andersen,Nazem Kadri,Jake Gardiner,Riley Nash,Zdeno Chara,Tuukka Rask,David Backes,Tim Schaller,Charlie McAvoy,Zdeno Chara,Riley Nash,NA,NA,NA,NA,NA,NA,NA,NA,Riley Nash,Frederik Andersen
94,1,17:29:00,2:31:00,Missed Shot,NA,NA,BOS,2017020794_96,38,-33,NA,NA,NA,NA,NA,NA,NA,NA,NA,NA,NA,NA,NA,NA,NA,NA,NA,NA,NA,NA,NA,NA,NA,NA,NA,NA,NA,NA,NA,NA,NA,NA,NA,NA,Ron Hainsey,Zach Hyman,William Nylander,Frederik Andersen,Auston Matthews,Morgan Rielly,Zdeno Chara,Patrice Bergeron,Tuukka Rask,Danton Heinen,Charlie McAvoy,David Pastrnak,NA,NA,NA,NA,NA,NA,NA,NA,NA,NA,Patrice Bergeron,NA
95,1,17:54:00,2:06:00,Shot,Wrist Shot,NA,BOS,2017020794_97_shawn.ferris@wne.edu,36,-27,NA,NA,59,-16,36,-26,Completed,BOS,6,-31,23,1,Completed,BOS,-82,24,-21,-29,Completed,BOS,NA,NA,NA,NA,NA,NA,NA,NA,NA,NA,NA,NA,NA,2017020794_481941921_shawn.ferris@wne.edu,Connor Carrick,Travis Dermott,William Nylander,Frederik Andersen,Auston Matthews,Leo Komarov,Brandon Carlo,Tuukka Rask,David Krejci,Torey Krug,Jake DeBrusk,David Pastrnak,Sean Kuraly,David Pastrnak,Frank Vatrano,Sean Kuraly,Zdeno Chara,Frank Vatrano,NA,NA,NA,NA,David Pastrnak,Frederik Andersen
96,1,18:45:00,1:15:00,Shot,Wrist Shot,NA,TOR,2017020794_99_shawn.ferris@wne.edu,-9,-4,NA,NA,NA,NA,NA,NA,NA,NA,NA,NA,NA,NA,NA,NA,NA,NA,NA,NA,NA,NA,NA,NA,NA,NA,NA,NA,NA,NA,NA,NA,NA,NA,NA,NA,Travis Dermott,Connor Brown,Frederik Andersen,Tyler Bozak,Leo Komarov,Jake Gardiner,Tuukka Rask,David Krejci,Matt Grzelcyk,Ryan Spooner,Adam McQuaid,Jake DeBrusk,NA,NA,NA,NA,NA,NA,NA,NA,NA,NA,Tyler Bozak,Tuukka Rask
97,1,19:24:00,0:36:00,Shot,Wrist Shot,NA,BOS,2017020794_102_shawn.ferris@wne.edu,41,-23,NA,NA,NA,NA,NA,NA,NA,NA,NA,NA,NA,NA,NA,NA,NA,NA,NA,NA,NA,NA,NA,NA,NA,NA,NA,NA,NA,NA,NA,NA,NA,NA,NA,2017020794_862306422_shawn.ferris@wne.edu:2017020794_873173768_shawn.ferris@wne.edu,Ron Hainsey,Patrick Marleau,Mitchell Marner,Frederik Andersen,Nazem Kadri,Morgan Rielly,Riley Nash,Zdeno Chara,Tuukka Rask,David Backes,Tim Schaller,Charlie McAvoy,NA,NA,NA,NA,NA,NA,NA,NA,NA,NA,David Backes,Frederik Andersen
98,1,19:42:00,0:18:00,Missed Shot,NA,NA,BOS,2017020794_103_shawn.ferris@wne.edu,38,27,NA,NA,NA,NA,NA,NA,NA,NA,NA,NA,NA,NA,NA,NA,NA,NA,NA,NA,NA,NA,NA,NA,NA,NA,NA,NA,NA,NA,NA,NA,NA,NA,NA,NA,Ron Hainsey,Patrick Marleau,Mitchell Marner,Frederik Andersen,Nazem Kadri,Morgan Rielly,Riley Nash,Zdeno Chara,Tuukka Rask,David Backes,Tim Schaller,Charlie McAvoy,NA,NA,NA,NA,NA,NA,NA,NA,NA,NA,Zdeno Chara,NA
99,1,19:58:00,0:02:00,Missed Shot,NA,NA,BOS,2017020794_105,74,15,NA,NA,NA,NA,NA,NA,NA,NA,NA,NA,NA,NA,NA,NA,NA,NA,NA,NA,NA,NA,NA,NA,NA,NA,NA,NA,NA,NA,NA,NA,NA,NA,NA,NA,Ron Hainsey,Patrick Marleau,Mitchell Marner,Frederik Andersen,Nazem Kadri,Morgan Rielly,Riley Nash,Zdeno Chara,Tuukka Rask,David Backes,Tim Schaller,Charlie McAvoy,NA,NA,NA,NA,NA,NA,NA,NA,NA,NA,Tim Schaller,NA
100,3,1:21:00,18:39:00,Shot,Snap Shot,NA,BOS,2017020794_232_shawn.ferris@wne.edu,46,4,NA,NA,59,-22,46,4,Completed,BOS,31,17,29,-16,Completed,BOS,-55,40,-33,15,Completed,BOS,NA,NA,NA,NA,NA,NA,NA,NA,NA,NA,NA,NA,NA,2017020794_8615546_shawn.ferris@wne.edu:2017020794_766766281_shawn.ferris@wne.edu,Ron Hainsey,Zach Hyman,William Nylander,Frederik Andersen,Auston Matthews,Morgan Rielly,Brandon Carlo,Zdeno Chara,Patrice Bergeron,Tuukka Rask,Danton Heinen,David Pastrnak,David Pastrnak,Patrice Bergeron,Danton Heinen,David Pastrnak,Zdeno Chara,Danton Heinen,NA,NA,NA,NA,Patrice Bergeron,Frederik Andersen
101,3,1:24:00,18:36:00,Shot,Backhand,NA,BOS,2017020794_233_shawn.ferris@wne.edu,73,7,NA,NA,NA,NA,NA,NA,NA,NA,NA,NA,NA,NA,NA,NA,NA,NA,NA,NA,NA,NA,NA,NA,NA,NA,NA,NA,NA,NA,NA,NA,NA,NA,NA,2017020794_8615546_shawn.ferris@wne.edu:2017020794_766766281_shawn.ferris@wne.edu,Ron Hainsey,Zach Hyman,William Nylander,Frederik Andersen,Auston Matthews,Morgan Rielly,Brandon Carlo,Zdeno Chara,Patrice Bergeron,Tuukka Rask,Danton Heinen,David Pastrnak,NA,NA,NA,NA,NA,NA,NA,NA,NA,NA,Patrice Bergeron,Frederik Andersen
102,3,7:35:00,12:25:00,Shot,Wrist Shot,NA,BOS,2017020794_258_shawn.ferris@wne.edu,55,20,NA,NA,NA,NA,NA,NA,NA,NA,NA,NA,NA,NA,NA,NA,NA,NA,NA,NA,NA,NA,NA,NA,NA,NA,NA,NA,NA,NA,NA,NA,NA,NA,NA,2017020794_115415136_shawn.ferris@wne.edu:2017020794_925884393_shawn.ferris@wne.edu,Nikita Zaitsev,James van Riemsdyk,Connor Brown,Frederik Andersen,Tyler Bozak,Jake Gardiner,Brandon Carlo,Austin Czarnik,Tuukka Rask,Torey Krug,Sean Kuraly,Frank Vatrano,NA,NA,NA,NA,NA,NA,NA,NA,NA,NA,Sean Kuraly,Frederik Andersen
103,3,8:12:00,11:48:00,Shot,Wrist Shot,NA,TOR,2017020794_263_shawn.ferris@wne.edu,-72,-2,NA,NA,NA,NA,NA,NA,NA,NA,NA,NA,NA,NA,NA,NA,NA,NA,NA,NA,NA,NA,NA,NA,NA,NA,NA,NA,NA,NA,NA,NA,NA,NA,NA,2017020794_999326707_shawn.ferris@wne.edu,Mitchell Marner,Nikita Zaitsev,William Nylander,Frederik Andersen,Nazem Kadri,Jake Gardiner,Riley Nash,Tuukka Rask,David Backes,Matt Grzelcyk,Adam McQuaid,Tim Schaller,NA,NA,NA,NA,NA,NA,NA,NA,NA,NA,William Nylander,Tuukka Rask
104,3,10:08:00,9:52:00,Missed Shot,NA,NA,TOR,2017020794_277_shawn.ferris@wne.edu,-31,-24,NA,NA,-95,-32,-30,-32,Completed,TOR,-69,22,-63,22,Completed,TOR,NA,NA,NA,NA,NA,NA,NA,NA,NA,NA,NA,NA,NA,NA,NA,NA,NA,NA,NA,NA,Travis Dermott,James van Riemsdyk,Connor Brown,Frederik Andersen,Tyler Bozak,Morgan Rielly,Brandon Carlo,Tuukka Rask,David Krejci,Torey Krug,Ryan Spooner,Jake DeBrusk,Connor Brown,Morgan Rielly,Tyler Bozak,Connor Brown,NA,NA,NA,NA,NA,NA,Morgan Rielly,NA
105,3,13:09:00,6:51:00,Shot,Slap Shot,NA,BOS,2017020794_295_shawn.ferris@wne.edu,34,21,NA,NA,64,37,32,26,Completed,BOS,NA,NA,NA,NA,NA,NA,NA,NA,NA,NA,NA,NA,NA,NA,NA,NA,NA,NA,NA,NA,NA,NA,NA,NA,NA,2017020794_372273460_shawn.ferris@wne.edu:2017020794_321548893_shawn.ferris@wne.edu,Zach Hyman,Nikita Zaitsev,Travis Dermott,James van Riemsdyk,Frederik Andersen,Tyler Bozak,Tuukka Rask,David Krejci,Torey Krug,Ryan Spooner,Charlie McAvoy,Jake DeBrusk,David Krejci,Torey Krug,NA,NA,NA,NA,NA,NA,NA,NA,Torey Krug,Frederik Andersen
106,3,13:58:00,6:02:00,Shot,Snap Shot,NA,TOR,2017020794_300_shawn.ferris@wne.edu,-72,7,NA,NA,-99,4,-73,8,Completed,TOR,NA,NA,NA,NA,NA,NA,NA,NA,NA,NA,NA,NA,NA,NA,NA,NA,NA,NA,NA,NA,NA,NA,NA,NA,one-timer,2017020794_131241012_shawn.ferris@wne.edu:2017020794_94748255_shawn.ferris@wne.edu,Connor Carrick,Mitchell Marner,William Nylander,Frederik Andersen,Nazem Kadri,Morgan Rielly,Tuukka Rask,David Krejci,Matt Grzelcyk,Ryan Spooner,Adam McQuaid,Jake DeBrusk,Mitchell Marner,William Nylander,NA,NA,NA,NA,NA,NA,NA,NA,William Nylander,Tuukka Rask
107,3,14:28:00,5:32:00,Missed Shot,NA,NA,BOS,2017020794_303,22,-24,NA,NA,NA,NA,NA,NA,NA,NA,NA,NA,NA,NA,NA,NA,NA,NA,NA,NA,NA,NA,NA,NA,NA,NA,NA,NA,NA,NA,NA,NA,NA,NA,NA,NA,Ron Hainsey,Patrick Marleau,Connor Brown,Frederik Andersen,Auston Matthews,Morgan Rielly,Zdeno Chara,Patrice Bergeron,Tuukka Rask,Danton Heinen,Charlie McAvoy,David Pastrnak,NA,NA,NA,NA,NA,NA,NA,NA,NA,NA,Charlie McAvoy,NA
108,3,16:18:00,3:42:00,Shot,Wrist Shot,NA,TOR,2017020794_307_shawn.ferris@wne.edu,-39,-21,NA,NA,-75,-36,-36,-21,Completed,TOR,NA,NA,NA,NA,NA,NA,NA,NA,NA,NA,NA,NA,NA,NA,NA,NA,NA,NA,NA,NA,NA,NA,NA,NA,NA,NA,Connor Carrick,Mitchell Marner,Dominic Moore,Travis Dermott,William Nylander,Frederik Andersen,Riley Nash,Zdeno Chara,Tuukka Rask,David Backes,Adam McQuaid,Jake DeBrusk,William Nylander,Travis Dermott,NA,NA,NA,NA,NA,NA,NA,NA,Travis Dermott,Tuukka Rask
109,3,16:42:00,3:18:00,Missed Shot,NA,NA,BOS,2017020794_309_shawn.ferris@wne.edu,77,10,NA,NA,84,-26,78,10,Completed,BOS,37,3,65,-28,Completed,BOS,49,-18,29,5,Completed,BOS,NA,NA,NA,NA,NA,NA,NA,NA,NA,NA,NA,NA,NA,NA,Connor Carrick,Mitchell Marner,Dominic Moore,Kasperi Kapanen,Frederik Andersen,Morgan Rielly,Zdeno Chara,Tuukka Rask,David Krejci,Ryan Spooner,Charlie McAvoy,Jake DeBrusk,Jake DeBrusk,Ryan Spooner,David Krejci,Jake DeBrusk,Ryan Spooner,David Krejci,NA,NA,NA,NA,Ryan Spooner,NA
110,3,18:48:00,1:12:00,Shot,Backhand,NA,TOR,2017020794_321_shawn.ferris@wne.edu,-77,1,NA,NA,NA,NA,NA,NA,NA,NA,NA,NA,NA,NA,NA,NA,NA,NA,NA,NA,NA,NA,NA,NA,NA,NA,NA,NA,NA,NA,NA,NA,NA,NA,NA,2017020794_992136396_shawn.ferris@wne.edu,Connor Carrick,Dominic Moore,Travis Dermott,Kasperi Kapanen,Frederik Andersen,Leo Komarov,Austin Czarnik,Tuukka Rask,Matt Grzelcyk,Sean Kuraly,Adam McQuaid,Frank Vatrano,NA,NA,NA,NA,NA,NA,NA,NA,NA,NA,Dominic Moore,Tuukka Rask
111,3,18:51:00,1:09:00,Missed Shot,NA,NA,TOR,2017020794_324,-56,4,NA,NA,NA,NA,NA,NA,NA,NA,NA,NA,NA,NA,NA,NA,NA,NA,NA,NA,NA,NA,NA,NA,NA,NA,NA,NA,NA,NA,NA,NA,NA,NA,NA,NA,Connor Carrick,Travis Dermott,James van Riemsdyk,Connor Brown,Frederik Andersen,Tyler Bozak,Brandon Carlo,Tuukka Rask,David Krejci,Torey Krug,Ryan Spooner,Jake DeBrusk,NA,NA,NA,NA,NA,NA,NA,NA,NA,NA,James van Riemsdyk,NA
112,1,1:15:00,18:45:00,Shot,Snap Shot,NA,TOR,2017020243_9_shawn.ferris@wne.edu,-59,-11,NA,NA,NA,NA,NA,NA,NA,NA,NA,NA,NA,NA,NA,NA,NA,NA,NA,NA,NA,NA,NA,NA,NA,NA,NA,NA,NA,NA,NA,NA,NA,NA,NA,2017020243_343955498_shawn.ferris@wne.edu:2017020243_541859827_shawn.ferris@wne.edu,Riley Nash,Zdeno Chara,Anton Khudobin,Noel Acciari,Tim Schaller,Charlie McAvoy,Connor Carrick,James van Riemsdyk,Connor Brown,Frederik Andersen,Tyler Bozak,Andreas Borgman,NA,NA,NA,NA,NA,NA,NA,NA,NA,NA,James van Riemsdyk,Anton Khudobin
113,1,1:36:00,18:24:00,Shot,Snap Shot,NA,BOS,2017020243_13_shawn.ferris@wne.edu,63,2,NA,NA,NA,NA,NA,NA,NA,NA,NA,NA,NA,NA,NA,NA,NA,NA,NA,NA,NA,NA,NA,NA,NA,NA,NA,NA,NA,NA,NA,NA,NA,NA,NA,2017020243_76216986_shawn.ferris@wne.edu,Anders Bjork,Jordan Szwarz,Zdeno Chara,Anton Khudobin,Sean Kuraly,Charlie McAvoy,Connor Carrick,Zach Hyman,Patrick Marleau,Connor Brown,Frederik Andersen,Andreas Borgman,NA,NA,NA,NA,NA,NA,NA,NA,NA,NA,Sean Kuraly,Frederik Andersen
114,1,2:15:00,17:45:00,Missed Shot,NA,NA,TOR,2017020243_19_shawn.ferris@wne.edu,-42,26,NA,NA,NA,NA,NA,NA,NA,NA,NA,NA,NA,NA,NA,NA,NA,NA,NA,NA,NA,NA,NA,NA,NA,NA,NA,NA,NA,NA,NA,NA,NA,NA,NA,2017020243_811329864_shawn.ferris@wne.edu,Brandon Carlo,Anton Khudobin,Matt Beleskey,Torey Krug,Sean Kuraly,Jake DeBrusk,Connor Carrick,Matt Martin,Dominic Moore,Frederik Andersen,Josh Leivo,Andreas Borgman,NA,NA,NA,NA,NA,NA,NA,NA,NA,NA,Connor Carrick,NA
115,1,4:59:00,15:01:00,Shot,Backhand,NA,TOR,2017020243_31_shawn.ferris@wne.edu,-34,32,NA,NA,NA,NA,NA,NA,NA,NA,NA,NA,NA,NA,NA,NA,NA,NA,NA,NA,NA,NA,NA,NA,NA,NA,NA,NA,NA,NA,NA,NA,NA,NA,NA,NA,Anders Bjork,Paul Postma,Brandon Carlo,Anton Khudobin,Danton Heinen,Sean Kuraly,Ron Hainsey,Mitchell Marner,James van Riemsdyk,Frederik Andersen,Tyler Bozak,Morgan Rielly,NA,NA,NA,NA,NA,NA,NA,NA,NA,NA,James van Riemsdyk,Anton Khudobin
116,1,5:15:00,14:45:00,Shot,Snap Shot,NA,BOS,2017020243_34_shawn.ferris@wne.edu,73,22,NA,NA,NA,NA,NA,NA,NA,NA,NA,NA,NA,NA,NA,NA,NA,NA,NA,NA,NA,NA,NA,NA,NA,NA,NA,NA,NA,NA,NA,NA,NA,NA,NA,2017020243_887259571_shawn.ferris@wne.edu:2017020243_754580402_shawn.ferris@wne.edu,Zdeno Chara,Anton Khudobin,Patrice Bergeron,Brad Marchand,Charlie McAvoy,David Pastrnak,Ron Hainsey,William Nylander,Frederik Andersen,Nazem Kadri,Morgan Rielly,Leo Komarov,NA,NA,NA,NA,NA,NA,NA,NA,NA,NA,Brad Marchand,Frederik Andersen
117,1,5:24:00,14:36:00,Shot,Tip-In,NA,TOR,2017020243_35_shawn.ferris@wne.edu,-80,1,NA,NA,-79,39,-80,2,Completed,TOR,NA,NA,NA,NA,NA,NA,NA,NA,NA,NA,NA,NA,NA,NA,NA,NA,NA,NA,NA,NA,NA,NA,NA,NA,NA,2017020243_535469154_shawn.ferris@wne.edu,Zdeno Chara,Anton Khudobin,Patrice Bergeron,Brad Marchand,Charlie McAvoy,David Pastrnak,Ron Hainsey,William Nylander,Frederik Andersen,Nazem Kadri,Morgan Rielly,Leo Komarov,Leo Komarov,Nazem Kadri,NA,NA,NA,NA,NA,NA,NA,NA,Nazem Kadri,Anton Khudobin
118,1,5:48:00,14:12:00,Shot,Snap Shot,NA,TOR,2017020243_38_shawn.ferris@wne.edu,-49,15,NA,NA,-28,21,-62,14,Completed,TOR,-42,38,-28,23,Completed,TOR,-34,24,-33,36,Completed,TOR,16,-38,37,-25,Completed,TOR,NA,NA,NA,NA,NA,NA,tip,2017020243_333193278_shawn.ferris@wne.edu,Brandon Carlo,Anton Khudobin,Matt Beleskey,Torey Krug,Sean Kuraly,Jake DeBrusk,Connor Carrick,Matt Martin,Dominic Moore,Frederik Andersen,Josh Leivo,Andreas Borgman,Mitchell Marner,Matt Martin,Dominic Moore,Mitchell Marner,Connor Carrick,Dominic Moore,Mitchell Marner,Connor Carrick,NA,NA,Matt Martin,Anton Khudobin
119,1,6:48:00,13:12:00,Shot,Snap Shot,NA,BOS,2017020243_41_shawn.ferris@wne.edu,60,-21,NA,NA,-2,-33,21,-40,Completed,BOS,-25,-41,-4,-35,Completed,BOS,NA,NA,NA,NA,NA,NA,NA,NA,NA,NA,NA,NA,NA,NA,NA,NA,NA,NA,NA,2017020243_493758506_shawn.ferris@wne.edu,Riley Nash,Zdeno Chara,Anton Khudobin,Noel Acciari,Tim Schaller,Charlie McAvoy,Mitchell Marner,Nikita Zaitsev,James van Riemsdyk,Frederik Andersen,Tyler Bozak,Jake Gardiner,Riley Nash,Noel Acciari,Charlie McAvoy,Riley Nash,NA,NA,NA,NA,NA,NA,Noel Acciari,Frederik Andersen
120,1,7:59:00,12:01:00,Shot,Tip-In,NA,TOR,2017020243_48_shawn.ferris@wne.edu,-50,2,NA,NA,-27,15,-52,2,Completed,TOR,-53,38,-29,36,Completed,TOR,NA,NA,NA,NA,NA,NA,NA,NA,NA,NA,NA,NA,NA,NA,NA,NA,NA,NA,NA,2017020243_357025986_shawn.ferris@wne.edu,Brandon Carlo,Zdeno Chara,Anton Khudobin,Patrice Bergeron,Brad Marchand,David Pastrnak,Ron Hainsey,William Nylander,Frederik Andersen,Nazem Kadri,Morgan Rielly,Leo Komarov,Morgan Rielly,Leo Komarov,Nazem Kadri,Morgan Rielly,NA,NA,NA,NA,NA,NA,Leo Komarov,Anton Khudobin
121,1,8:57:00,11:03:00,Missed Shot,NA,NA,BOS,2017020243_51,62,-15,NA,NA,NA,NA,NA,NA,NA,NA,NA,NA,NA,NA,NA,NA,NA,NA,NA,NA,NA,NA,NA,NA,NA,NA,NA,NA,NA,NA,NA,NA,NA,NA,NA,NA,Anders Bjork,Paul Postma,Riley Nash,Anton Khudobin,Danton Heinen,Kevan Miller,Connor Carrick,Zach Hyman,Patrick Marleau,Connor Brown,Frederik Andersen,Andreas Borgman,NA,NA,NA,NA,NA,NA,NA,NA,NA,NA,Anders Bjork,NA
122,1,9:15:00,10:45:00,Missed Shot,NA,NA,BOS,2017020243_52_shawn.ferris@wne.edu,58,-24,NA,NA,NA,NA,NA,NA,NA,NA,NA,NA,NA,NA,NA,NA,NA,NA,NA,NA,NA,NA,NA,NA,NA,NA,NA,NA,NA,NA,NA,NA,NA,NA,NA,2017020243_149422958_shawn.ferris@wne.edu,Paul Postma,Riley Nash,Anton Khudobin,Noel Acciari,Tim Schaller,Kevan Miller,Connor Carrick,Matt Martin,Dominic Moore,Frederik Andersen,Josh Leivo,Andreas Borgman,NA,NA,NA,NA,NA,NA,NA,NA,NA,NA,Noel Acciari,NA
123,1,9:46:00,10:14:00,Shot,Snap Shot,NA,TOR,2017020243_55,-8,28,NA,NA,NA,NA,NA,NA,NA,NA,NA,NA,NA,NA,NA,NA,NA,NA,NA,NA,NA,NA,NA,NA,NA,NA,NA,NA,NA,NA,NA,NA,NA,NA,NA,NA,Brandon Carlo,Anton Khudobin,Matt Beleskey,Torey Krug,Sean Kuraly,Jake DeBrusk,Matt Martin,Dominic Moore,Nikita Zaitsev,Frederik Andersen,Josh Leivo,Jake Gardiner,NA,NA,NA,NA,NA,NA,NA,NA,NA,NA,Nikita Zaitsev,Anton Khudobin
124,1,12:42:00,7:18:00,Shot,Snap Shot,NA,BOS,2017020243_65_shawn.ferris@wne.edu,52,-25,NA,NA,-13,-34,13,-21,Completed,BOS,-69,-33,-49,-21,Completed,BOS,NA,NA,NA,NA,NA,NA,NA,NA,NA,NA,NA,NA,NA,NA,NA,NA,NA,NA,NA,2017020243_927564454_shawn.ferris@wne.edu:2017020243_672287164_shawn.ferris@wne.edu,Paul Postma,Anton Khudobin,Matt Beleskey,Sean Kuraly,Jake DeBrusk,Kevan Miller,Connor Carrick,Zach Hyman,Dominic Moore,Nikita Zaitsev,Frederik Andersen,Leo Komarov,Matt Beleskey,Sean Kuraly,Brandon Carlo,Matt Beleskey,NA,NA,NA,NA,NA,NA,Sean Kuraly,Frederik Andersen
125,1,14:11:00,5:49:00,Shot,Slap Shot,NA,BOS,2017020243_76_shawn.ferris@wne.edu,37,23,NA,NA,63,-36,32,21,Completed,BOS,24,11,21,1,Completed,BOS,NA,NA,NA,NA,NA,NA,NA,NA,NA,NA,NA,NA,NA,NA,NA,NA,NA,NA,NA,2017020243_612750904_shawn.ferris@wne.edu,Brandon Carlo,Anton Khudobin,Patrice Bergeron,Torey Krug,Brad Marchand,David Pastrnak,Ron Hainsey,William Nylander,Frederik Andersen,Nazem Kadri,Morgan Rielly,Leo Komarov,Brad Marchand,Torey Krug,Patrice Bergeron,Brad Marchand,NA,NA,NA,NA,NA,NA,Torey Krug,Frederik Andersen
126,1,14:59:00,5:01:00,Shot,Snap Shot,NA,TOR,2017020243_80_shawn.ferris@wne.edu,-64,30,NA,NA,NA,NA,NA,NA,NA,NA,NA,NA,NA,NA,NA,NA,NA,NA,NA,NA,NA,NA,NA,NA,NA,NA,NA,NA,NA,NA,NA,NA,NA,NA,NA,2017020243_922822802_shawn.ferris@wne.edu,Riley Nash,Zdeno Chara,Anton Khudobin,Noel Acciari,Tim Schaller,Charlie McAvoy,Connor Carrick,Mitchell Marner,James van Riemsdyk,Frederik Andersen,Tyler Bozak,Andreas Borgman,NA,NA,NA,NA,NA,NA,NA,NA,NA,NA,Mitchell Marner,Anton Khudobin
127,1,15:37:00,4:23:00,Missed Shot,NA,NA,BOS,2017020243_85_shawn.ferris@wne.edu,76,-8,NA,NA,96,-18,77,-8,Completed,BOS,NA,NA,NA,NA,NA,NA,NA,NA,NA,NA,NA,NA,NA,NA,NA,NA,NA,NA,NA,NA,NA,NA,NA,NA,NA,NA,Paul Postma,Anton Khudobin,Matt Beleskey,Sean Kuraly,Jake DeBrusk,Kevan Miller,Connor Carrick,Matt Martin,Dominic Moore,Frederik Andersen,Josh Leivo,Andreas Borgman,Jake DeBrusk,Matt Beleskey,NA,NA,NA,NA,NA,NA,NA,NA,Matt Beleskey,NA
128,1,15:40:00,4:20:00,Shot,Snap Shot,NA,BOS,2017020243_86,51,15,NA,NA,NA,NA,NA,NA,NA,NA,NA,NA,NA,NA,NA,NA,NA,NA,NA,NA,NA,NA,NA,NA,NA,NA,NA,NA,NA,NA,NA,NA,NA,NA,NA,NA,Paul Postma,Anton Khudobin,Matt Beleskey,Sean Kuraly,Jake DeBrusk,Kevan Miller,Connor Carrick,Matt Martin,Dominic Moore,Frederik Andersen,Josh Leivo,Andreas Borgman,NA,NA,NA,NA,NA,NA,NA,NA,NA,NA,Sean Kuraly,Frederik Andersen
129,1,16:15:00,3:45:00,Missed Shot,NA,NA,TOR,2017020243_90_shawn.ferris@wne.edu,-42,-13,NA,NA,NA,NA,NA,NA,NA,NA,NA,NA,NA,NA,NA,NA,NA,NA,NA,NA,NA,NA,NA,NA,NA,NA,NA,NA,NA,NA,NA,NA,NA,NA,NA,2017020243_826530226_shawn.ferris@wne.edu,Paul Postma,Anton Khudobin,Matt Beleskey,Sean Kuraly,Jake DeBrusk,Kevan Miller,Matt Martin,Dominic Moore,Nikita Zaitsev,Frederik Andersen,Josh Leivo,Jake Gardiner,NA,NA,NA,NA,NA,NA,NA,NA,NA,NA,Jake Gardiner,NA
130,1,16:53:00,3:07:00,Shot,Snap Shot,NA,TOR,2017020243_92_shawn.ferris@wne.edu,-62,0,NA,NA,NA,NA,NA,NA,NA,NA,NA,NA,NA,NA,NA,NA,NA,NA,NA,NA,NA,NA,NA,NA,NA,NA,NA,NA,NA,NA,NA,NA,NA,NA,NA,2017020243_5213828_shawn.ferris@wne.edu:2017020243_80989107_shawn.ferris@wne.edu,Brandon Carlo,Anton Khudobin,Patrice Bergeron,Torey Krug,Brad Marchand,David Pastrnak,Ron Hainsey,William Nylander,Frederik Andersen,Nazem Kadri,Morgan Rielly,Leo Komarov,NA,NA,NA,NA,NA,NA,NA,NA,NA,NA,Leo Komarov,Anton Khudobin
131,1,17:41:00,2:19:00,Missed Shot,NA,NA,TOR,2017020243_97_shawn.ferris@wne.edu,-45,-5,NA,NA,NA,NA,NA,NA,NA,NA,NA,NA,NA,NA,NA,NA,NA,NA,NA,NA,NA,NA,NA,NA,NA,NA,NA,NA,NA,NA,NA,NA,NA,NA,NA,2017020243_691759039_shawn.ferris@wne.edu,Anders Bjork,Jordan Szwarz,Zdeno Chara,Anton Khudobin,Brad Marchand,Charlie McAvoy,Zach Hyman,Patrick Marleau,Nikita Zaitsev,Connor Brown,Frederik Andersen,Jake Gardiner,NA,NA,NA,NA,NA,NA,NA,NA,NA,NA,Jake Gardiner,NA
132,1,18:36:00,1:24:00,Shot,Slap Shot,NA,BOS,2017020243_101_shawn.ferris@wne.edu,57,-19,NA,NA,46,5,56,-27,Completed,BOS,NA,NA,NA,NA,NA,NA,NA,NA,NA,NA,NA,NA,NA,NA,NA,NA,NA,NA,NA,NA,NA,NA,NA,NA,one-timer,2017020243_923972755_shawn.ferris@wne.edu,Anders Bjork,Riley Nash,Brandon Carlo,Anton Khudobin,Danton Heinen,Kevan Miller,Mitchell Marner,Nikita Zaitsev,James van Riemsdyk,Frederik Andersen,Tyler Bozak,Andreas Borgman,Danton Heinen,Anders Bjork,NA,NA,NA,NA,NA,NA,NA,NA,Anders Bjork,Frederik Andersen
133,1,18:49:00,1:11:00,Missed Shot,NA,NA,BOS,2017020243_102_shawn.ferris@wne.edu,43,-21,NA,NA,30,4,42,-26,Completed,BOS,41,35,31,10,Completed,BOS,NA,NA,NA,NA,NA,NA,NA,NA,NA,NA,NA,NA,NA,NA,NA,NA,NA,NA,NA,2017020243_923972755_shawn.ferris@wne.edu,Anders Bjork,Riley Nash,Brandon Carlo,Anton Khudobin,Danton Heinen,Kevan Miller,Mitchell Marner,Nikita Zaitsev,James van Riemsdyk,Frederik Andersen,Tyler Bozak,Andreas Borgman,Riley Nash,Brandon Carlo,Kevan Miller,Riley Nash,NA,NA,NA,NA,NA,NA,Brandon Carlo,NA
134,1,19:22:00,0:38:00,Shot,Snap Shot,NA,BOS,2017020243_105,45,1,NA,NA,NA,NA,NA,NA,NA,NA,NA,NA,NA,NA,NA,NA,NA,NA,NA,NA,NA,NA,NA,NA,NA,NA,NA,NA,NA,NA,NA,NA,NA,NA,NA,NA,Riley Nash,Zdeno Chara,Anton Khudobin,Noel Acciari,Tim Schaller,Charlie McAvoy,Mitchell Marner,Nikita Zaitsev,James van Riemsdyk,Frederik Andersen,Tyler Bozak,Andreas Borgman,NA,NA,NA,NA,NA,NA,NA,NA,NA,NA,Tim Schaller,Frederik Andersen
135,3,0:25:00,19:35:00,Shot,Snap Shot,NA,TOR,2017020243_245_shawn.ferris@wne.edu,-70,-20,NA,NA,NA,NA,NA,NA,NA,NA,NA,NA,NA,NA,NA,NA,NA,NA,NA,NA,NA,NA,NA,NA,NA,NA,NA,NA,NA,NA,NA,NA,NA,NA,NA,2017020243_28945585_shawn.ferris@wne.edu,Brandon Carlo,Anton Khudobin,Patrice Bergeron,Torey Krug,Brad Marchand,David Pastrnak,Ron Hainsey,Connor Brown,Frederik Andersen,Nazem Kadri,Morgan Rielly,Leo Komarov,NA,NA,NA,NA,NA,NA,NA,NA,NA,NA,Leo Komarov,Anton Khudobin
136,3,0:53:00,19:07:00,Shot,Slap Shot,NA,TOR,2017020243_249_shawn.ferris@wne.edu,-45,-16,NA,NA,-93,-35,-28,-34,Completed,TOR,NA,NA,NA,NA,NA,NA,NA,NA,NA,NA,NA,NA,NA,NA,NA,NA,NA,NA,NA,NA,NA,NA,NA,NA,NA,2017020243_442049299_shawn.ferris@wne.edu,Riley Nash,Brandon Carlo,Anton Khudobin,Torey Krug,Tim Schaller,David Pastrnak,Mitchell Marner,James van Riemsdyk,Frederik Andersen,Nazem Kadri,Morgan Rielly,Andreas Borgman,James van Riemsdyk,Andreas Borgman,NA,NA,NA,NA,NA,NA,NA,NA,Andreas Borgman,Anton Khudobin
137,3,1:56:00,18:04:00,Shot,Snap Shot,NA,TOR,2017020243_254_shawn.ferris@wne.edu,-70,16,NA,NA,24,2,-17,38,Completed,TOR,NA,NA,NA,NA,NA,NA,NA,NA,NA,NA,NA,NA,NA,NA,NA,NA,NA,NA,NA,NA,NA,NA,NA,NA,rush,2017020243_464753228_shawn.ferris@wne.edu:2017020243_644550385_shawn.ferris@wne.edu,Anders Bjork,Jordan Szwarz,Zdeno Chara,Anton Khudobin,Danton Heinen,Charlie McAvoy,Zach Hyman,Patrick Marleau,Nikita Zaitsev,William Nylander,Frederik Andersen,Jake Gardiner,Nikita Zaitsev,Patrick Marleau,NA,NA,NA,NA,NA,NA,NA,NA,Patrick Marleau,Anton Khudobin
138,3,3:55:00,16:05:00,Missed Shot,NA,NA,BOS,2017020243_264_shawn.ferris@wne.edu,38,18,NA,NA,57,-22,53,14,Completed,BOS,NA,NA,NA,NA,NA,NA,NA,NA,NA,NA,NA,NA,NA,NA,NA,NA,NA,NA,NA,NA,NA,NA,NA,NA,NA,2017020243_36669329_shawn.ferris@wne.edu,Zdeno Chara,Anton Khudobin,Patrice Bergeron,Brad Marchand,Charlie McAvoy,David Pastrnak,Ron Hainsey,Connor Brown,Frederik Andersen,Nazem Kadri,Morgan Rielly,Leo Komarov,Charlie McAvoy,Zdeno Chara,NA,NA,NA,NA,NA,NA,NA,NA,Zdeno Chara,NA
139,3,4:01:00,15:59:00,Shot,Tip-In,NA,BOS,2017020243_265_shawn.ferris@wne.edu,81,-5,NA,NA,64,-37,80,-5,Completed,BOS,NA,NA,NA,NA,NA,NA,NA,NA,NA,NA,NA,NA,NA,NA,NA,NA,NA,NA,NA,NA,NA,NA,NA,NA,tip,2017020243_36669329_shawn.ferris@wne.edu,Zdeno Chara,Anton Khudobin,Patrice Bergeron,Brad Marchand,Charlie McAvoy,David Pastrnak,Ron Hainsey,Connor Brown,Frederik Andersen,Nazem Kadri,Morgan Rielly,Leo Komarov,Charlie McAvoy,Patrice Bergeron,NA,NA,NA,NA,NA,NA,NA,NA,Patrice Bergeron,Frederik Andersen
140,3,4:03:00,15:57:00,Shot,Wrist Shot,NA,BOS,2017020243_266_shawn.ferris@wne.edu,81,2,NA,NA,NA,NA,NA,NA,NA,NA,NA,NA,NA,NA,NA,NA,NA,NA,NA,NA,NA,NA,NA,NA,NA,NA,NA,NA,NA,NA,NA,NA,NA,NA,rebound,2017020243_36669329_shawn.ferris@wne.edu,Zdeno Chara,Anton Khudobin,Patrice Bergeron,Brad Marchand,Charlie McAvoy,David Pastrnak,Ron Hainsey,Connor Brown,Frederik Andersen,Nazem Kadri,Morgan Rielly,Leo Komarov,NA,NA,NA,NA,NA,NA,NA,NA,NA,NA,Patrice Bergeron,Frederik Andersen
141,3,4:26:00,15:34:00,Shot,Backhand,NA,BOS,2017020243_269_shawn.ferris@wne.edu,75,-21,NA,NA,NA,NA,NA,NA,NA,NA,NA,NA,NA,NA,NA,NA,NA,NA,NA,NA,NA,NA,NA,NA,NA,NA,NA,NA,NA,NA,NA,NA,NA,NA,NA,2017020243_511602847_shawn.ferris@wne.edu:2017020243_98657056_shawn.ferris@wne.edu,Paul Postma,Riley Nash,Anton Khudobin,Noel Acciari,Tim Schaller,Kevan Miller,Connor Carrick,Mitchell Marner,James van Riemsdyk,Frederik Andersen,Tyler Bozak,Andreas Borgman,NA,NA,NA,NA,NA,NA,NA,NA,NA,NA,Tim Schaller,Frederik Andersen
142,3,4:41:00,15:19:00,Shot,Wrist Shot,NA,TOR,2017020243_271_shawn.ferris@wne.edu,-78,34,NA,NA,NA,NA,NA,NA,NA,NA,NA,NA,NA,NA,NA,NA,NA,NA,NA,NA,NA,NA,NA,NA,NA,NA,NA,NA,NA,NA,NA,NA,NA,NA,NA,NA,Paul Postma,Riley Nash,Anton Khudobin,Noel Acciari,Tim Schaller,Kevan Miller,Connor Carrick,Mitchell Marner,James van Riemsdyk,Frederik Andersen,Tyler Bozak,Andreas Borgman,NA,NA,NA,NA,NA,NA,NA,NA,NA,NA,Connor Carrick,Anton Khudobin
143,3,5:47:00,14:13:00,Shot,Snap Shot,NA,BOS,2017020243_275_shawn.ferris@wne.edu,62,-15,NA,NA,8,1,17,-30,Completed,BOS,-35,39,-36,24,Completed,BOS,NA,NA,NA,NA,NA,NA,NA,NA,NA,NA,NA,NA,NA,NA,NA,NA,NA,NA,rush,2017020243_7923317_shawn.ferris@wne.edu:2017020243_15662407_shawn.ferris@wne.edu,Anders Bjork,Jordan Szwarz,Zdeno Chara,Anton Khudobin,Danton Heinen,Charlie McAvoy,Zach Hyman,Patrick Marleau,Nikita Zaitsev,William Nylander,Frederik Andersen,Jake Gardiner,Danton Heinen,Jordan Szwarz,Anders Bjork,Danton Heinen,NA,NA,NA,NA,NA,NA,Jordan Szwarz,Frederik Andersen
144,3,6:02:00,13:58:00,Shot,Snap Shot,NA,TOR,2017020243_277_shawn.ferris@wne.edu,-67,0,NA,NA,-89,36,-67,0,Completed,TOR,NA,NA,NA,NA,NA,NA,NA,NA,NA,NA,NA,NA,NA,NA,NA,NA,NA,NA,NA,NA,NA,NA,NA,NA,NA,NA,Zdeno Chara,Anton Khudobin,Matt Beleskey,Sean Kuraly,Charlie McAvoy,Jake DeBrusk,Ron Hainsey,Matt Martin,Dominic Moore,William Nylander,Frederik Andersen,Morgan Rielly,William Nylander,Dominic Moore,NA,NA,NA,NA,NA,NA,NA,NA,Dominic Moore,Anton Khudobin
145,3,6:07:00,13:53:00,Missed Shot,NA,NA,TOR,2017020243_278_shawn.ferris@wne.edu,-67,4,NA,NA,-40,-22,-69,2,Completed,TOR,-93,-26,-38,-22,Completed,TOR,NA,NA,NA,NA,NA,NA,NA,NA,NA,NA,NA,NA,NA,NA,NA,NA,NA,NA,tip,NA,Zdeno Chara,Anton Khudobin,Matt Beleskey,Sean Kuraly,Charlie McAvoy,Jake DeBrusk,Ron Hainsey,Matt Martin,Dominic Moore,William Nylander,Frederik Andersen,Morgan Rielly,Morgan Rielly,Dominic Moore,William Nylander,Morgan Rielly,NA,NA,NA,NA,NA,NA,Dominic Moore,NA
146,3,7:08:00,12:52:00,Missed Shot,NA,NA,BOS,2017020243_282_shawn.ferris@wne.edu,31,27,NA,NA,NA,NA,NA,NA,NA,NA,NA,NA,NA,NA,NA,NA,NA,NA,NA,NA,NA,NA,NA,NA,NA,NA,NA,NA,NA,NA,NA,NA,NA,NA,NA,2017020243_79586306_shawn.ferris@wne.edu,Brandon Carlo,Anton Khudobin,Patrice Bergeron,Torey Krug,Brad Marchand,David Pastrnak,Ron Hainsey,Connor Brown,Frederik Andersen,Nazem Kadri,Morgan Rielly,Leo Komarov,NA,NA,NA,NA,NA,NA,NA,NA,NA,NA,Torey Krug,NA
147,3,7:42:00,12:18:00,Shot,Snap Shot,NA,TOR,2017020243_284,-6,-18,NA,NA,NA,NA,NA,NA,NA,NA,NA,NA,NA,NA,NA,NA,NA,NA,NA,NA,NA,NA,NA,NA,NA,NA,NA,NA,NA,NA,NA,NA,NA,NA,NA,NA,Brandon Carlo,Anton Khudobin,Patrice Bergeron,Torey Krug,Brad Marchand,David Pastrnak,Ron Hainsey,Connor Brown,Frederik Andersen,Nazem Kadri,Morgan Rielly,Leo Komarov,NA,NA,NA,NA,NA,NA,NA,NA,NA,NA,Morgan Rielly,Anton Khudobin
148,3,9:55:00,10:05:00,Shot,Tip-In,NA,BOS,2017020243_294_shawn.ferris@wne.edu,77,0,NA,NA,73,34,79,1,Completed,BOS,32,2,56,33,Completed,BOS,NA,NA,NA,NA,NA,NA,NA,NA,NA,NA,NA,NA,NA,NA,NA,NA,NA,NA,NA,2017020243_451246320_shawn.ferris@wne.edu,Anders Bjork,Jordan Szwarz,Anton Khudobin,Matt Beleskey,Torey Krug,Charlie McAvoy,Ron Hainsey,Zach Hyman,James van Riemsdyk,Frederik Andersen,Leo Komarov,Jake Gardiner,Torey Krug,Matt Beleskey,Charlie McAvoy,Torey Krug,NA,NA,NA,NA,NA,NA,Matt Beleskey,Frederik Andersen
149,3,12:28:00,7:32:00,Shot,Snap Shot,NA,BOS,2017020243_307_shawn.ferris@wne.edu,57,17,NA,NA,NA,NA,NA,NA,NA,NA,NA,NA,NA,NA,NA,NA,NA,NA,NA,NA,NA,NA,NA,NA,NA,NA,NA,NA,NA,NA,NA,NA,NA,NA,NA,2017020243_293475144_shawn.ferris@wne.edu:2017020243_825729588_shawn.ferris@wne.edu,Zdeno Chara,Anton Khudobin,Danton Heinen,Torey Krug,Noel Acciari,Charlie McAvoy,Patrick Marleau,Nikita Zaitsev,Connor Brown,William Nylander,Frederik Andersen,Josh Leivo,NA,NA,NA,NA,NA,NA,NA,NA,NA,NA,Danton Heinen,Frederik Andersen
150,3,12:31:00,7:29:00,Shot,Snap Shot,NA,BOS,2017020243_308_shawn.ferris@wne.edu,82,0,NA,NA,NA,NA,NA,NA,NA,NA,NA,NA,NA,NA,NA,NA,NA,NA,NA,NA,NA,NA,NA,NA,NA,NA,NA,NA,NA,NA,NA,NA,NA,NA,rebound,2017020243_293475144_shawn.ferris@wne.edu:2017020243_825729588_shawn.ferris@wne.edu,Paul Postma,Brandon Carlo,Anton Khudobin,Danton Heinen,Sean Kuraly,Noel Acciari,Patrick Marleau,Nikita Zaitsev,Connor Brown,William Nylander,Frederik Andersen,Josh Leivo,NA,NA,NA,NA,NA,NA,NA,NA,NA,NA,Danton Heinen,Frederik Andersen
151,3,18:29:00,1:31:00,Missed Shot,NA,NA,TOR,2017020243_336_shawn.ferris@wne.edu,-65,28,NA,NA,-37,-32,-45,-1,Completed,TOR,NA,NA,NA,NA,NA,NA,NA,NA,NA,NA,NA,NA,NA,NA,NA,NA,NA,NA,NA,NA,NA,NA,NA,NA,NA,NA,Riley Nash,Brandon Carlo,Zdeno Chara,Anton Khudobin,Noel Acciari,Tim Schaller,Mitchell Marner,James van Riemsdyk,Frederik Andersen,Tyler Bozak,Morgan Rielly,Andreas Borgman,Jake Gardiner,Mitchell Marner,NA,NA,NA,NA,NA,NA,NA,NA,Mitchell Marner,NA
152,3,18:46:00,1:14:00,Missed Shot,NA,NA,TOR,2017020243_337_shawn.ferris@wne.edu,-66,-14,NA,NA,-29,-35,-52,-35,Completed,TOR,-61,-36,-28,-36,Completed,TOR,NA,NA,NA,NA,NA,NA,NA,NA,NA,NA,NA,NA,NA,NA,NA,NA,NA,NA,NA,NA,Riley Nash,Brandon Carlo,Zdeno Chara,Anton Khudobin,Noel Acciari,Tim Schaller,Mitchell Marner,James van Riemsdyk,Frederik Andersen,Tyler Bozak,Morgan Rielly,Andreas Borgman,Jake Gardiner,Tyler Bozak,Tyler Bozak,Jake Gardiner,NA,NA,NA,NA,NA,NA,Tyler Bozak,NA
153,3,19:00:00,1:00:00,Goal,NA,NA,TOR,2017020243_339_shawn.ferris@wne.edu,-77,-1,NA,NA,-67,24,-77,0,Completed,TOR,-28,19,-45,37,Completed,TOR,-31,-37,-30,-1,Completed,TOR,-30,35,-33,-28,Completed,TOR,-70,39,-30,40,Completed,TOR,tip,NA,Riley Nash,Brandon Carlo,Zdeno Chara,Anton Khudobin,Noel Acciari,Tim Schaller,Mitchell Marner,James van Riemsdyk,Frederik Andersen,Tyler Bozak,Morgan Rielly,Andreas Borgman,Mitchell Marner,James van Riemsdyk,Nikita Zaitsev,Mitchell Marner,Jake Gardiner,Nikita Zaitsev,Nikita Zaitsev,Jake Gardiner,Mitchell Marner,Nikita Zaitsev,James van Riemsdyk,Mitchell Marner
154,3,19:52:00,0:08:00,Missed Shot,NA,NA,BOS,2017020243_344_shawn.ferris@wne.edu,35,28,NA,NA,54,23,36,27,Completed,BOS,NA,NA,NA,NA,NA,NA,NA,NA,NA,NA,NA,NA,NA,NA,NA,NA,NA,NA,NA,NA,NA,NA,NA,NA,NA,2017020243_254552373_shawn.ferris@wne.edu,Jordan Szwarz,Zdeno Chara,Anton Khudobin,Sean Kuraly,Noel Acciari,Kevan Miller,Ron Hainsey,Zach Hyman,Patrick Marleau,William Nylander,Frederik Andersen,Jake Gardiner,Sean Kuraly,Zdeno Chara,NA,NA,NA,NA,NA,NA,NA,NA,Zdeno Chara,NA
155,1,0:45:00,19:15:00,Shot,Wrist Shot,NA,BOS,2017020250_7_shawn.ferris@wne.edu,11,-5,NA,NA,NA,NA,NA,NA,NA,NA,NA,NA,NA,NA,NA,NA,NA,NA,NA,NA,NA,NA,NA,NA,NA,NA,NA,NA,NA,NA,NA,NA,NA,NA,NA,NA,Zach Hyman,Patrick Marleau,Nikita Zaitsev,Connor Brown,Curtis McElhinney,Jake Gardiner,Riley Nash,Zdeno Chara,Tuukka Rask,Noel Acciari,Tim Schaller,Charlie McAvoy,NA,NA,NA,NA,NA,NA,NA,NA,NA,NA,Riley Nash,Curtis McElhinney
156,1,2:54:00,17:06:00,Shot,Snap Shot,NA,BOS,2017020250_15_shawn.ferris@wne.edu,32,28,NA,NA,NA,NA,NA,NA,NA,NA,NA,NA,NA,NA,NA,NA,NA,NA,NA,NA,NA,NA,NA,NA,NA,NA,NA,NA,NA,NA,NA,NA,NA,NA,NA,2017020250_335359699_shawn.ferris@wne.edu:2017020250_853464728_shawn.ferris@wne.edu,Matt Martin,Dominic Moore,Nikita Zaitsev,Josh Leivo,Curtis McElhinney,Jake Gardiner,Anders Bjork,Matt Beleskey,Tuukka Rask,Torey Krug,Sean Kuraly,Charlie McAvoy,NA,NA,NA,NA,NA,NA,NA,NA,NA,NA,Torey Krug,Curtis McElhinney
157,1,2:57:00,17:03:00,Shot,Wrist Shot,NA,BOS,2017020250_16_shawn.ferris@wne.edu,77,2,NA,NA,NA,NA,NA,NA,NA,NA,NA,NA,NA,NA,NA,NA,NA,NA,NA,NA,NA,NA,NA,NA,NA,NA,NA,NA,NA,NA,NA,NA,NA,NA,rebound,2017020250_335359699_shawn.ferris@wne.edu:2017020250_853464728_shawn.ferris@wne.edu,Matt Martin,Dominic Moore,Nikita Zaitsev,Josh Leivo,Curtis McElhinney,Jake Gardiner,Anders Bjork,Matt Beleskey,Tuukka Rask,Torey Krug,Sean Kuraly,Charlie McAvoy,NA,NA,NA,NA,NA,NA,NA,NA,NA,NA,Anders Bjork,Curtis McElhinney
158,1,3:10:00,16:50:00,Missed Shot,NA,NA,BOS,2017020250_17_shawn.ferris@wne.edu,36,15,NA,NA,64,-38,33,-9,Completed,BOS,86,22,72,38,Completed,BOS,NA,NA,NA,NA,NA,NA,NA,NA,NA,NA,NA,NA,NA,NA,NA,NA,NA,NA,NA,2017020250_335359699_shawn.ferris@wne.edu:2017020250_853464728_shawn.ferris@wne.edu,Matt Martin,Dominic Moore,Nikita Zaitsev,Josh Leivo,Curtis McElhinney,Jake Gardiner,Anders Bjork,Zdeno Chara,Matt Beleskey,Tuukka Rask,Sean Kuraly,Charlie McAvoy,Sean Kuraly,Charlie McAvoy,Anders Bjork,Sean Kuraly,NA,NA,NA,NA,NA,NA,Charlie McAvoy,NA
159,1,3:49:00,16:11:00,Shot,Wrist Shot,NA,BOS,2017020250_24_shawn.ferris@wne.edu,35,-25,NA,NA,69,-39,39,-39,Completed,BOS,NA,NA,NA,NA,NA,NA,NA,NA,NA,NA,NA,NA,NA,NA,NA,NA,NA,NA,NA,NA,NA,NA,NA,NA,NA,NA,Zach Hyman,Patrick Marleau,Nikita Zaitsev,Connor Brown,Curtis McElhinney,Jake Gardiner,Jordan Szwarz,Brandon Carlo,Tuukka Rask,Danton Heinen,Torey Krug,Frank Vatrano,Frank Vatrano,Torey Krug,NA,NA,NA,NA,NA,NA,NA,NA,Torey Krug,Curtis McElhinney
160,1,6:12:00,13:48:00,Shot,Backhand,NA,BOS,2017020250_36_shawn.ferris@wne.edu,75,-3,NA,NA,NA,NA,NA,NA,NA,NA,NA,NA,NA,NA,NA,NA,NA,NA,NA,NA,NA,NA,NA,NA,NA,NA,NA,NA,NA,NA,NA,NA,NA,NA,NA,2017020250_306973769_shawn.ferris@wne.edu,Ron Hainsey,William Nylander,Curtis McElhinney,Nazem Kadri,Morgan Rielly,Leo Komarov,Brandon Carlo,Patrice Bergeron,Tuukka Rask,Torey Krug,Brad Marchand,David Pastrnak,NA,NA,NA,NA,NA,NA,NA,NA,NA,NA,Patrice Bergeron,Curtis McElhinney
161,1,8:32:00,11:28:00,Missed Shot,NA,NA,BOS,2017020250_49_shawn.ferris@wne.edu,37,-25,NA,NA,NA,NA,NA,NA,NA,NA,NA,NA,NA,NA,NA,NA,NA,NA,NA,NA,NA,NA,NA,NA,NA,NA,NA,NA,NA,NA,NA,NA,NA,NA,NA,2017020250_937933314_shawn.ferris@wne.edu:2017020250_121157075_shawn.ferris@wne.edu,Nikita Zaitsev,James van Riemsdyk,William Nylander,Curtis McElhinney,Tyler Bozak,Jake Gardiner,Tuukka Rask,Torey Krug,Sean Kuraly,Tim Schaller,Brad Marchand,Kevan Miller,NA,NA,NA,NA,NA,NA,NA,NA,NA,NA,Kevan Miller,NA
162,1,8:52:00,11:08:00,Goal,NA,NA,TOR,2017020250_52,-62,-4,NA,NA,NA,NA,NA,NA,NA,NA,NA,NA,NA,NA,NA,NA,NA,NA,NA,NA,NA,NA,NA,NA,NA,NA,NA,NA,NA,NA,NA,NA,NA,NA,NA,NA,Connor Carrick,Mitchell Marner,James van Riemsdyk,Curtis McElhinney,Tyler Bozak,Andreas Borgman,Brandon Carlo,Matt Beleskey,Tuukka Rask,Rob O'Gara,Sean Kuraly,Noel Acciari,NA,NA,NA,NA,NA,NA,NA,NA,NA,NA,Mitchell Marner,Tuukka Rask
163,1,11:22:00,8:38:00,Shot,Wrist Shot,NA,BOS,2017020250_65_shawn.ferris@wne.edu,44,-18,NA,NA,NA,NA,NA,NA,NA,NA,NA,NA,NA,NA,NA,NA,NA,NA,NA,NA,NA,NA,NA,NA,NA,NA,NA,NA,NA,NA,NA,NA,NA,NA,NA,2017020250_331787272_shawn.ferris@wne.edu:2017020250_999149123_shawn.ferris@wne.edu,Connor Carrick,Mitchell Marner,James van Riemsdyk,Curtis McElhinney,Tyler Bozak,Andreas Borgman,Tuukka Rask,Rob O'Gara,Sean Kuraly,Noel Acciari,Tim Schaller,Kevan Miller,NA,NA,NA,NA,NA,NA,NA,NA,NA,NA,Tim Schaller,Curtis McElhinney
164,1,11:49:00,8:11:00,Shot,Slap Shot,NA,BOS,2017020250_66_shawn.ferris@wne.edu,32,-25,NA,NA,29,-3,54,-31,Completed,BOS,49,39,29,18,Completed,BOS,NA,NA,NA,NA,NA,NA,NA,NA,NA,NA,NA,NA,NA,NA,NA,NA,NA,NA,one-timer,2017020250_895478621_shawn.ferris@wne.edu,Connor Carrick,Zach Hyman,Patrick Marleau,Connor Brown,Curtis McElhinney,Andreas Borgman,Tuukka Rask,Rob O'Gara,Sean Kuraly,Noel Acciari,Tim Schaller,Kevan Miller,Kevan Miller,Rob O'Gara,Sean Kuraly,Kevan Miller,NA,NA,NA,NA,NA,NA,Rob O'Gara,Curtis McElhinney
165,1,12:01:00,7:59:00,Shot,Snap Shot,NA,BOS,2017020250_68_shawn.ferris@wne.edu,40,12,NA,NA,49,9,49,18,Completed,BOS,35,-34,61,-6,Completed,BOS,NA,NA,NA,NA,NA,NA,NA,NA,NA,NA,NA,NA,NA,NA,NA,NA,NA,NA,one-timer,NA,Connor Carrick,Zach Hyman,Patrick Marleau,Connor Brown,Curtis McElhinney,Andreas Borgman,Jordan Szwarz,Tuukka Rask,Rob O'Gara,Noel Acciari,Tim Schaller,Kevan Miller,Tim Schaller,Jordan Szwarz,Rob O'Gara,Tim Schaller,NA,NA,NA,NA,NA,NA,Jordan Szwarz,Curtis McElhinney
166,1,12:16:00,7:44:00,Shot,Wrist Shot,NA,TOR,2017020250_70_shawn.ferris@wne.edu,-64,-6,NA,NA,NA,NA,NA,NA,NA,NA,NA,NA,NA,NA,NA,NA,NA,NA,NA,NA,NA,NA,NA,NA,NA,NA,NA,NA,NA,NA,NA,NA,NA,NA,NA,2017020250_884891300_shawn.ferris@wne.edu:2017020250_597240494_shawn.ferris@wne.edu,Zach Hyman,Patrick Marleau,Nikita Zaitsev,Connor Brown,Curtis McElhinney,Jake Gardiner,Jordan Szwarz,Tuukka Rask,Danton Heinen,Rob O'Gara,Frank Vatrano,Kevan Miller,NA,NA,NA,NA,NA,NA,NA,NA,NA,NA,Connor Brown,Tuukka Rask
167,1,12:45:00,7:15:00,Shot,Backhand,NA,BOS,2017020250_74_shawn.ferris@wne.edu,67,8,NA,NA,66,-28,41,11,Completed,BOS,NA,NA,NA,NA,NA,NA,NA,NA,NA,NA,NA,NA,NA,NA,NA,NA,NA,NA,NA,NA,NA,NA,NA,NA,NA,2017020250_944387349_shawn.ferris@wne.edu,Nikita Zaitsev,William Nylander,Curtis McElhinney,Nazem Kadri,Leo Komarov,Jake Gardiner,Brandon Carlo,Patrice Bergeron,Tuukka Rask,Torey Krug,Brad Marchand,David Pastrnak,Patrice Bergeron,David Pastrnak,NA,NA,NA,NA,NA,NA,NA,NA,David Pastrnak,Curtis McElhinney
168,1,13:30:00,6:30:00,Shot,Wrist Shot,NA,TOR,2017020250_77_shawn.ferris@wne.edu,-57,-25,NA,NA,NA,NA,NA,NA,NA,NA,NA,NA,NA,NA,NA,NA,NA,NA,NA,NA,NA,NA,NA,NA,NA,NA,NA,NA,NA,NA,NA,NA,NA,NA,NA,2017020250_917929477_shawn.ferris@wne.edu:2017020250_295551187_shawn.ferris@wne.edu,Ron Hainsey,Matt Martin,Dominic Moore,Josh Leivo,Curtis McElhinney,Morgan Rielly,Brandon Carlo,Patrice Bergeron,Tuukka Rask,Torey Krug,Brad Marchand,David Pastrnak,NA,NA,NA,NA,NA,NA,NA,NA,NA,NA,Morgan Rielly,Tuukka Rask
169,1,13:33:00,6:27:00,Missed Shot,NA,NA,TOR,2017020250_78_shawn.ferris@wne.edu,-67,7,NA,NA,NA,NA,NA,NA,NA,NA,NA,NA,NA,NA,NA,NA,NA,NA,NA,NA,NA,NA,NA,NA,NA,NA,NA,NA,NA,NA,NA,NA,NA,NA,rebound,2017020250_917929477_shawn.ferris@wne.edu:2017020250_295551187_shawn.ferris@wne.edu,Ron Hainsey,Matt Martin,Dominic Moore,Josh Leivo,Curtis McElhinney,Morgan Rielly,Brandon Carlo,Patrice Bergeron,Tuukka Rask,Torey Krug,Brad Marchand,David Pastrnak,NA,NA,NA,NA,NA,NA,NA,NA,NA,NA,Dominic Moore,NA
170,1,13:44:00,6:16:00,Shot,Wrist Shot,NA,TOR,2017020250_79_shawn.ferris@wne.edu,-60,-27,NA,NA,NA,NA,NA,NA,NA,NA,NA,NA,NA,NA,NA,NA,NA,NA,NA,NA,NA,NA,NA,NA,NA,NA,NA,NA,NA,NA,NA,NA,NA,NA,NA,2017020250_917929477_shawn.ferris@wne.edu:2017020250_295551187_shawn.ferris@wne.edu,Ron Hainsey,Matt Martin,Dominic Moore,Josh Leivo,Curtis McElhinney,Morgan Rielly,Brandon Carlo,Patrice Bergeron,Tuukka Rask,Danton Heinen,Torey Krug,Brad Marchand,NA,NA,NA,NA,NA,NA,NA,NA,NA,NA,Morgan Rielly,Tuukka Rask
171,1,14:28:00,5:32:00,Missed Shot,NA,NA,BOS,2017020250_90_shawn.ferris@wne.edu,39,-7,NA,NA,69,21,39,-8,Completed,BOS,NA,NA,NA,NA,NA,NA,NA,NA,NA,NA,NA,NA,NA,NA,NA,NA,NA,NA,NA,NA,NA,NA,NA,NA,faceoff,NA,Zach Hyman,Patrick Marleau,Nikita Zaitsev,Connor Brown,Curtis McElhinney,Jake Gardiner,Jordan Szwarz,Zdeno Chara,Tuukka Rask,Danton Heinen,Brad Marchand,Charlie McAvoy,Jordan Szwarz,Charlie McAvoy,NA,NA,NA,NA,NA,NA,NA,NA,Charlie McAvoy,NA
172,1,14:52:00,5:08:00,Missed Shot,NA,NA,TOR,2017020250_92_shawn.ferris@wne.edu,-73,1,NA,NA,-32,-1,-74,1,Completed,TOR,NA,NA,NA,NA,NA,NA,NA,NA,NA,NA,NA,NA,NA,NA,NA,NA,NA,NA,NA,NA,NA,NA,NA,NA,tip,2017020250_67500917_shawn.ferris@wne.edu,Connor Carrick,Zach Hyman,Patrick Marleau,Connor Brown,Curtis McElhinney,Andreas Borgman,Jordan Szwarz,Zdeno Chara,Tuukka Rask,Danton Heinen,Brad Marchand,Charlie McAvoy,Andreas Borgman,Patrick Marleau,NA,NA,NA,NA,NA,NA,NA,NA,Patrick Marleau,NA
173,1,15:18:00,4:42:00,Goal,NA,NA,BOS,2017020250_93_shawn.ferris@wne.edu,70,3,NA,NA,45,34,69,4,Completed,BOS,35,-21,36,32,Completed,BOS,63,-8,37,-29,Completed,BOS,90,-32,64,-9,Completed,BOS,NA,NA,NA,NA,NA,NA,tip,NA,Connor Carrick,Matt Martin,Dominic Moore,Curtis McElhinney,Nazem Kadri,Andreas Borgman,Patrice Bergeron,Tuukka Rask,Danton Heinen,Torey Krug,Frank Vatrano,Kevan Miller,Torey Krug,Frank Vatrano,Kevan Miller,Torey Krug,Patrice Bergeron,Kevan Miller,Danton Heinen,Patrice Bergeron,NA,NA,Frank Vatrano,Torey Krug
174,1,16:39:00,3:21:00,Missed Shot,NA,NA,BOS,2017020250_101_shawn.ferris@wne.edu,47,17,NA,NA,68,23,53,13,Completed,BOS,NA,NA,NA,NA,NA,NA,NA,NA,NA,NA,NA,NA,NA,NA,NA,NA,NA,NA,NA,NA,NA,NA,NA,NA,faceoff,NA,Dominic Moore,Nikita Zaitsev,Curtis McElhinney,Nazem Kadri,Leo Komarov,Jake Gardiner,Patrice Bergeron,Tuukka Rask,Torey Krug,Brad Marchand,Kevan Miller,David Pastrnak,Patrice Bergeron,Brad Marchand,NA,NA,NA,NA,NA,NA,NA,NA,Brad Marchand,NA
175,3,2:01:00,17:59:00,Missed Shot,NA,NA,TOR,2017020250_262_shawn.ferris@wne.edu,-71,4,NA,NA,-31,17,-72,5,Completed,TOR,-84,37,-28,27,Completed,TOR,NA,NA,NA,NA,NA,NA,NA,NA,NA,NA,NA,NA,NA,NA,NA,NA,NA,NA,tip,2017020250_590786586_shawn.ferris@wne.edu:2017020250_331870870_shawn.ferris@wne.edu,Ron Hainsey,Nikita Zaitsev,William Nylander,Curtis McElhinney,Nazem Kadri,Leo Komarov,Patrice Bergeron,Tuukka Rask,Torey Krug,Brad Marchand,Kevan Miller,David Pastrnak,Nikita Zaitsev,Leo Komarov,Nazem Kadri,Nikita Zaitsev,NA,NA,NA,NA,NA,NA,Leo Komarov,NA
176,3,5:50:00,14:10:00,Shot,Backhand,NA,BOS,2017020250_280_shawn.ferris@wne.edu,67,0,NA,NA,NA,NA,NA,NA,NA,NA,NA,NA,NA,NA,NA,NA,NA,NA,NA,NA,NA,NA,NA,NA,NA,NA,NA,NA,NA,NA,NA,NA,NA,NA,rebound,2017020250_346249893_shawn.ferris@wne.edu,Ron Hainsey,Patrick Marleau,Dominic Moore,Nikita Zaitsev,Curtis McElhinney,Leo Komarov,Anders Bjork,Jordan Szwarz,Zdeno Chara,Matt Beleskey,Tuukka Rask,Charlie McAvoy,NA,NA,NA,NA,NA,NA,NA,NA,NA,NA,Matt Beleskey,Curtis McElhinney
177,3,5:50:00,14:10:00,Shot,Wrist Shot,NA,BOS,2017020250_279_shawn.ferris@wne.edu,87,-10,NA,NA,NA,NA,NA,NA,NA,NA,NA,NA,NA,NA,NA,NA,NA,NA,NA,NA,NA,NA,NA,NA,NA,NA,NA,NA,NA,NA,NA,NA,NA,NA,NA,2017020250_346249893_shawn.ferris@wne.edu,Ron Hainsey,Patrick Marleau,Dominic Moore,Nikita Zaitsev,Curtis McElhinney,Leo Komarov,Anders Bjork,Jordan Szwarz,Zdeno Chara,Matt Beleskey,Tuukka Rask,Charlie McAvoy,NA,NA,NA,NA,NA,NA,NA,NA,NA,NA,Jordan Szwarz,Curtis McElhinney
178,3,6:52:00,13:08:00,Goal,NA,NA,TOR,2017020250_285_shawn.ferris@wne.edu,-35,-17,NA,NA,-79,-19,-38,-17,Completed,TOR,NA,NA,NA,NA,NA,NA,NA,NA,NA,NA,NA,NA,NA,NA,NA,NA,NA,NA,NA,NA,NA,NA,NA,NA,NA,2017020250_196981403_shawn.ferris@wne.edu,Ron Hainsey,Mitchell Marner,James van Riemsdyk,Curtis McElhinney,Tyler Bozak,Morgan Rielly,Jordan Szwarz,Brandon Carlo,Tuukka Rask,Danton Heinen,Rob O'Gara,Frank Vatrano,James van Riemsdyk,Morgan Rielly,NA,NA,NA,NA,NA,NA,NA,NA,Morgan Rielly,James van Riemsdyk
179,3,7:48:00,12:12:00,Shot,Snap Shot,NA,BOS,2017020250_288_shawn.ferris@wne.edu,57,-15,NA,NA,NA,NA,NA,NA,NA,NA,NA,NA,NA,NA,NA,NA,NA,NA,NA,NA,NA,NA,NA,NA,NA,NA,NA,NA,NA,NA,NA,NA,NA,NA,NA,2017020250_11637329_shawn.ferris@wne.edu,Ron Hainsey,William Nylander,Curtis McElhinney,Nazem Kadri,Morgan Rielly,Leo Komarov,Patrice Bergeron,Tuukka Rask,Torey Krug,Brad Marchand,Kevan Miller,David Pastrnak,NA,NA,NA,NA,NA,NA,NA,NA,NA,NA,David Pastrnak,Curtis McElhinney
180,3,8:04:00,11:56:00,Shot,Snap Shot,NA,BOS,2017020250_293,39,26,NA,NA,NA,NA,NA,NA,NA,NA,NA,NA,NA,NA,NA,NA,NA,NA,NA,NA,NA,NA,NA,NA,NA,NA,NA,NA,NA,NA,NA,NA,NA,NA,NA,NA,Ron Hainsey,William Nylander,Curtis McElhinney,Nazem Kadri,Morgan Rielly,Leo Komarov,Patrice Bergeron,Tuukka Rask,Torey Krug,Brad Marchand,Kevan Miller,David Pastrnak,NA,NA,NA,NA,NA,NA,NA,NA,NA,NA,Torey Krug,Curtis McElhinney
181,3,8:11:00,11:49:00,Missed Shot,NA,NA,BOS,2017020250_294_shawn.ferris@wne.edu,74,-1,NA,NA,26,28,74,-1,Completed,BOS,86,37,28,38,Completed,BOS,NA,NA,NA,NA,NA,NA,NA,NA,NA,NA,NA,NA,NA,NA,NA,NA,NA,NA,tip,NA,Ron Hainsey,William Nylander,Curtis McElhinney,Nazem Kadri,Morgan Rielly,Leo Komarov,Patrice Bergeron,Tuukka Rask,Torey Krug,Brad Marchand,Kevan Miller,David Pastrnak,Torey Krug,Brad Marchand,Patrice Bergeron,Torey Krug,NA,NA,NA,NA,NA,NA,Brad Marchand,NA
182,3,9:58:00,10:02:00,Shot,Wrist Shot,NA,BOS,2017020250_301_shawn.ferris@wne.edu,44,2,NA,NA,-26,23,-14,-2,Completed,BOS,NA,NA,NA,NA,NA,NA,NA,NA,NA,NA,NA,NA,NA,NA,NA,NA,NA,NA,NA,NA,NA,NA,NA,NA,NA,2017020250_779522928_shawn.ferris@wne.edu,Connor Carrick,Zach Hyman,Connor Brown,Curtis McElhinney,Tyler Bozak,Andreas Borgman,Jordan Szwarz,Tuukka Rask,Danton Heinen,Torey Krug,Frank Vatrano,Kevan Miller,Kevan Miller,Torey Krug,NA,NA,NA,NA,NA,NA,NA,NA,Torey Krug,Curtis McElhinney
183,3,13:11:00,6:49:00,Shot,Snap Shot,NA,BOS,2017020250_316_shawn.ferris@wne.edu,41,25,NA,NA,-20,0,17,31,Completed,BOS,NA,NA,NA,NA,NA,NA,NA,NA,NA,NA,NA,NA,NA,NA,NA,NA,NA,NA,NA,NA,NA,NA,NA,NA,NA,2017020250_75185899_shawn.ferris@wne.edu,Ron Hainsey,Zach Hyman,Connor Brown,Curtis McElhinney,Nazem Kadri,Morgan Rielly,Anders Bjork,Tuukka Rask,Torey Krug,Sean Kuraly,Tim Schaller,Kevan Miller,Kevan Miller,Torey Krug,NA,NA,NA,NA,NA,NA,NA,NA,Torey Krug,Curtis McElhinney
184,3,15:52:00,4:08:00,Shot,Wrist Shot,NA,BOS,2017020250_325,3,-26,NA,NA,NA,NA,NA,NA,NA,NA,NA,NA,NA,NA,NA,NA,NA,NA,NA,NA,NA,NA,NA,NA,NA,NA,NA,NA,NA,NA,NA,NA,NA,NA,NA,NA,Connor Carrick,Mitchell Marner,James van Riemsdyk,Curtis McElhinney,Tyler Bozak,Jake Gardiner,Jordan Szwarz,Zdeno Chara,Tuukka Rask,Danton Heinen,Frank Vatrano,Charlie McAvoy,NA,NA,NA,NA,NA,NA,NA,NA,NA,NA,Charlie McAvoy,Curtis McElhinney
185,3,17:01:00,2:59:00,Shot,Wrist Shot,NA,TOR,2017020250_329,-47,-6,NA,NA,NA,NA,NA,NA,NA,NA,NA,NA,NA,NA,NA,NA,NA,NA,NA,NA,NA,NA,NA,NA,NA,NA,NA,NA,NA,NA,NA,NA,NA,NA,NA,NA,Zach Hyman,Patrick Marleau,Nikita Zaitsev,Connor Brown,Curtis McElhinney,Jake Gardiner,Anders Bjork,Zdeno Chara,Matt Beleskey,Tuukka Rask,Sean Kuraly,Kevan Miller,NA,NA,NA,NA,NA,NA,NA,NA,NA,NA,Patrick Marleau,Tuukka Rask
186,3,17:39:00,2:21:00,Missed Shot,NA,NA,BOS,2017020250_330_shawn.ferris@wne.edu,76,0,NA,NA,35,30,74,1,Completed,BOS,NA,NA,NA,NA,NA,NA,NA,NA,NA,NA,NA,NA,NA,NA,NA,NA,NA,NA,NA,NA,NA,NA,NA,NA,tip,2017020250_155467504_shawn.ferris@wne.edu:2017020250_860259139_shawn.ferris@wne.edu,Ron Hainsey,Connor Brown,Curtis McElhinney,Nazem Kadri,Morgan Rielly,Leo Komarov,Patrice Bergeron,Tuukka Rask,Torey Krug,Brad Marchand,Charlie McAvoy,David Pastrnak,Torey Krug,Danton Heinen,NA,NA,NA,NA,NA,NA,NA,NA,Danton Heinen,NA
187,3,17:47:00,2:13:00,Shot,Slap Shot,NA,BOS,2017020250_331_shawn.ferris@wne.edu,41,-20,NA,NA,28,33,28,-19,Completed,BOS,91,36,26,38,Completed,BOS,95,-8,93,36,Completed,BOS,NA,NA,NA,NA,NA,NA,NA,NA,NA,NA,NA,NA,NA,2017020250_155467504_shawn.ferris@wne.edu:2017020250_860259139_shawn.ferris@wne.edu,Ron Hainsey,Connor Brown,Curtis McElhinney,Nazem Kadri,Morgan Rielly,Leo Komarov,Patrice Bergeron,Tuukka Rask,Torey Krug,Brad Marchand,Charlie McAvoy,David Pastrnak,Torey Krug,Charlie McAvoy,David Pastrnak,Torey Krug,Danton Heinen,David Pastrnak,NA,NA,NA,NA,Charlie McAvoy,Curtis McElhinney
188,3,18:13:00,1:47:00,Goal,NA,NA,TOR,2017020250_333_shawn.ferris@wne.edu,-79,-4,NA,NA,-79,28,-78,-3,Completed,TOR,NA,NA,NA,NA,NA,NA,NA,NA,NA,NA,NA,NA,NA,NA,NA,NA,NA,NA,NA,NA,NA,NA,NA,NA,NA,2017020250_795842896_shawn.ferris@wne.edu,Ron Hainsey,Connor Brown,Curtis McElhinney,Nazem Kadri,Morgan Rielly,Leo Komarov,Patrice Bergeron,Tuukka Rask,Torey Krug,Brad Marchand,Charlie McAvoy,David Pastrnak,Zach Hyman,Patrick Marleau,NA,NA,NA,NA,NA,NA,NA,NA,Patrick Marleau,Zach Hyman
189,3,18:40:00,1:20:00,Shot,Backhand,NA,TOR,2017020250_337_shawn.ferris@wne.edu,-75,30,NA,NA,NA,NA,NA,NA,NA,NA,NA,NA,NA,NA,NA,NA,NA,NA,NA,NA,NA,NA,NA,NA,NA,NA,NA,NA,NA,NA,NA,NA,NA,NA,NA,2017020250_433426469_shawn.ferris@wne.edu:2017020250_971492975_shawn.ferris@wne.edu,Connor Carrick,Matt Martin,Dominic Moore,Josh Leivo,Curtis McElhinney,Andreas Borgman,Riley Nash,Brandon Carlo,Tuukka Rask,Rob O'Gara,Noel Acciari,Tim Schaller,NA,NA,NA,NA,NA,NA,NA,NA,NA,NA,Josh Leivo,Tuukka Rask
190,3,18:47:00,1:13:00,Shot,Wrist Shot,NA,BOS,2017020250_338_shawn.ferris@wne.edu,54,-5,NA,NA,29,-40,32,-27,Completed,BOS,NA,NA,NA,NA,NA,NA,NA,NA,NA,NA,NA,NA,NA,NA,NA,NA,NA,NA,NA,NA,NA,NA,NA,NA,NA,2017020250_823377704_shawn.ferris@wne.edu:2017020250_977595283_shawn.ferris@wne.edu,Connor Carrick,Matt Martin,Dominic Moore,Josh Leivo,Curtis McElhinney,Andreas Borgman,Riley Nash,Brandon Carlo,Tuukka Rask,Rob O'Gara,Noel Acciari,Tim Schaller,Noel Acciari,Riley Nash,NA,NA,NA,NA,NA,NA,NA,NA,Riley Nash,Curtis McElhinney
191,3,19:09:00,0:51:00,Shot,Wrist Shot,NA,BOS,2017020250_340_shawn.ferris@wne.edu,40,5,NA,NA,5,-3,22,-19,Completed,BOS,-10,-39,0,-24,Completed,BOS,NA,NA,NA,NA,NA,NA,NA,NA,NA,NA,NA,NA,NA,NA,NA,NA,NA,NA,NA,2017020250_121520792_shawn.ferris@wne.edu,Connor Carrick,Matt Martin,Josh Leivo,Curtis McElhinney,Tyler Bozak,Andreas Borgman,Riley Nash,Brandon Carlo,Matt Beleskey,Tuukka Rask,Rob O'Gara,Noel Acciari,Noel Acciari,Matt Beleskey,Matt Beleskey,Noel Acciari,NA,NA,NA,NA,NA,NA,Matt Beleskey,Curtis McElhinney
192,3,19:24:00,0:36:00,Shot,Wrist Shot,NA,TOR,2017020250_343,-55,17,NA,NA,NA,NA,NA,NA,NA,NA,NA,NA,NA,NA,NA,NA,NA,NA,NA,NA,NA,NA,NA,NA,NA,NA,NA,NA,NA,NA,NA,NA,NA,NA,NA,NA,Mitchell Marner,Nikita Zaitsev,James van Riemsdyk,Curtis McElhinney,Tyler Bozak,Jake Gardiner,Anders Bjork,Matt Beleskey,Tuukka Rask,Sean Kuraly,Charlie McAvoy,Kevan Miller,NA,NA,NA,NA,NA,NA,NA,NA,NA,NA,Mitchell Marner,Tuukka Rask
193,3,19:44:00,0:16:00,Shot,Wrist Shot,NA,TOR,2017020250_345_shawn.ferris@wne.edu,-44,25,NA,NA,17,-22,-17,20,Completed,TOR,43,-38,25,-26,Completed,TOR,NA,NA,NA,NA,NA,NA,NA,NA,NA,NA,NA,NA,NA,NA,NA,NA,NA,NA,NA,2017020250_661368758_shawn.ferris@wne.edu:2017020250_88547996_shawn.ferris@wne.edu,Connor Carrick,Mitchell Marner,James van Riemsdyk,Curtis McElhinney,Tyler Bozak,Jake Gardiner,Anders Bjork,Matt Beleskey,Tuukka Rask,Sean Kuraly,Charlie McAvoy,Kevan Miller,Jake Gardiner,Mitchell Marner,Nazem Kadri,Jake Gardiner,NA,NA,NA,NA,NA,NA,Mitchell Marner,Tuukka Rask
